user_id,screen_name,followers_count,friends_count,listed_count,favourites_count,tweet_num,protected,verfied,description,location,label
2198516225,_Banzi_,27,199,0,601,122,False,False,,Joburg,1
1504258025804210176,DelorbeTori,81,2771,0,0,6,False,False,"Tori , 22ğŸ˜ , SubmissiveğŸŒ¸",,1
1581474148571877377,omkarVyawahare2,0,56,0,24,0,False,False,,,1
2967681610,L1BERTE_S,50,68,1,8735,2238,False,False,"Les querelles ne dureraient pas longtemps, si le tort n'Ã©tait que d'un cÃ´tÃ©",Provence-Alpes-CÃ´te d'Azur,1
1400890434,mistamomo_,356,1104,19,18347,20160,False,False,Amana.....abin riko da hanun dama ğŸ¤ #freepalestine,N/a,1
1551514349667160064,Digi_dynamo,62,340,1,88,184,False,False,Imran Khan PTI Fanâ˜…Startups Growth Hackerâ˜…Sales-Marketing Guruâ˜…Digital Dynamoâ˜…Social Media Trailblazerâ˜…Ecommerce Specialistâ˜…Whistle-stopper,Andromeda Galaxy,1
2545252076,Wordsnail,168,334,0,57312,12814,False,False,"On a quest for what life gives me the chance and freedom to achieve, balancing my choices with my fate, wondered by such miracle, answered by that mystery.",Somewhere Over the Rainbow,1
1554778352409399296,Jameer22115658,5,23,0,3,0,False,False,,,1
67678107,albanisaL,1973,2152,68,142,24432,False,False,"Cearense, jornalista, editora e empreendedora cultural. Veja tambÃ©m @CulturaArmazem Editora de livros.",Brasil,1
947658475940864000,sky_walker877,60,2553,4,24369,2066,False,False,,,1
1032210307026960384,BabalauKhalid,1648,4627,1,5893,1788,False,False,state coordinator Buhari New media Centre Adamawa State chapter (BNMC),Adamawa State Yola ,1
1450157674532835341,VIRTUALREALITYA,81,1530,0,467,704,False,False,,,1
1341461095211528200,NotVeryPastoral,2022,4707,1,41,161,False,False,Some say â€œI donâ€™t act very Pastoral likeâ€ I say â€œthen Iâ€™m in good company the Pharisees always said that â€œJesusâ€™s behavior proved he wasnâ€™t the Messiahâ€ Really?,Everywhere ,1
2724599329,magicomundo21,34320,10975,35,426,3163,False,False,"ABBA, MONICA Y TRANSFORMANDO CORAZONES: CAMINO DE VIDA PERFECTA, CORRIENTE (ENERGÃA-FUERZA) UNIVERSAL DE JESÃšS (PATERNA) MARÃA (MATERNA) Y LOS SANTOS (FRATERNA)","GUADALAJARA, JALISCO - MÃ‰XICO",1
3224985030,kapilarora1985,61,127,0,0,0,False,False,,,1
1386257010841333760,Neeraj92503620,4,134,0,738,49,False,False,,,1
1484188313753845763,OletRonald93,13,131,0,5,1,False,False,Character,,1
1545598425214947329,absolutelynot76,2,67,0,196,3,False,False,absolutelynot76,,1
1293161350386954245,Avrnzz,0,1637,0,116,0,True,False,,,1
147711709,krsp70,1075,3872,22,6316,20138,False,False,Olivia's daddy....all things New England - city of winners ! Hubby to @sap10110 ! #smokebreaks #AutismDad,RI,1
772176898386427909,KupresakDanel,6,97,0,4,0,False,False,,Bosnia and Herzegovina,1
205071077,dillipc2,17,89,0,3,3,False,False,Artist,"Puri, India",1
1277932250970181632,CultofLee,46,480,0,59,307,False,False,Back....,,1
163545765,popstar_100,75,398,1,2734,5245,False,False,,,1
1565409978709676033,GodwinKaturebe,44,220,0,317,18,False,False,,,1
3069027641,lourdescueva96,50,277,1,416,507,False,False,"me gusta tener amigos ser sociable  â˜ºğŸ˜†ğŸ˜†ğŸ˜Š
dios es mi pastor nada me faltara â˜ºğŸ˜ŠğŸ’—â˜ğŸ‘†ğŸ‘","Quito, Ecuador",1
1558649864816566273,yadav_nirahu,30,66,0,9,6,False,False,chandrprakash815@gemail.com,,1
1560557379766435841,ApostleOtare,39,178,0,31,14,False,False,,,1
1558185456264773635,ShahdMosaad10,0,147,0,0,1,False,False,"ÙÙŠ Ø¬Ù…Ù„Ø© Ù„Ù€ Ø£Ø­Ù…Ø¯ Ø®Ø§Ù„Ø¯ ØªÙˆÙÙŠÙ‚:
""Ù„Ùˆ Ù„Ù… Ø§Ø¬Ø§Ø²Ù ÙˆØ§Ù‚ØªØ±Ø¨ØŒ ÙƒÙ†Øª Ø³Ø£Ø¸Ù„ Ø§Ø¹ØªÙ‚Ø¯ Ø¨Ø£Ù† Ø´ÙŠØ¦Ù‹Ø§ Ø¬Ù…ÙŠÙ„Ù‹Ø§ Ù‚Ø¯ ÙØ§ØªÙ†ÙŠ.""",,1
1299948077193793536,misfit_868,89,4041,0,9878,2288,True,False,Struggling with everything,Up top,1
455858575,pehnaz,2143,602,2,1,115,False,False,Enthusiast in Crypto Banking â€¢ Everyday Trades in E-Markets â€¢ Cypto Solicitor & Lineups â€¢ DMs open for Market Inquiry,"Dallas, TX",1
1569735406463365120,one_folo,64,391,0,1,22,False,False,https://t.co/Mu4KkbeMi8,Alger                         ,1
3551773941,felixfamily671,43,306,1,11,8,False,False,,"Hollis, Queens",1
2900086282,fox2817,22,104,1,13,20,False,False,Real Estate Broker + Investor,,1
1581358747699617792,Thatguy056091,7,112,0,4,2,False,False,,,1
2436742271,hornbuckle_c,3,4336,0,509,126,True,False,,,1
2466451334,animezdeka99,5,94,0,2,4,False,False,,,1
3034398989,seydousoro01,12,202,0,5,9,False,False,,,1
1566208841192185857,MinnickDylan,2,59,1,0,0,False,False,,,1
1550860629485195265,leonardaang,66,2884,1,333,67,False,False,"Yesterday is history; tomorrow is a mystery, today is a gift from God.",UPD 2026 | XS 2022 | ğŸŒ» ,1
2882274964,Jes_Mic,28,95,0,1,3,False,False,,Dar es salaam,1
830412344727629825,StarWarsGaz,191,2150,1,2158,389,False,False,,United Kingdom,1
2342254872,JrMintNite,827,1248,0,16657,5751,False,False,Trump Won.,The Mitten,1
1510943081620819977,Sofialovecat,602,698,0,113,93,False,False,Creating an collection of #NFT ğŸ¨ Inspired by the universe and @ElonMusk ğŸš€ I create a #virtualworld based on the principles of social kindness and creativity,,1
1548852689148280838,kate05988698,18,119,0,0,2,False,False,,,1
1324819710798684160,BrkyLudoz,1603,5005,1,1830,733,False,False,"Recording Artiste,song writer,and a dream chaser",lagos Nigeria,1
1548942309940658177,FakoredeOyesiku,11,52,0,0,5,False,False,,,1
2248666371,emma58744134,20,439,0,2918,3,False,False,,,1
1574477224375422976,Jennife06477297,63,381,0,10,9,False,False,bitcoin mining â­ crypto investmentâ­home workâ­ passive income,,1
1537634023178002432,spuncandyco,33,272,0,18,22,False,False,"Not Your Childhood Cotton Candy!

Gourmet & Seasonal Flavor Combinations | Handcrafted & Made To Order.

Website Available Soonâ°ï¸",,1
870211955004289024,liwen43341101,0,137,0,18,0,True,False,,,1
1154730168113598464,Marek35281146,0,37,0,254,44,False,False,tweet,,1
707303502419091456,jtang2000,9,596,3,1670,1,False,False,,,1
390940660,selin_johan,34,888,0,2923,359,False,False,,,1
857737102955393024,springmitang,35,215,1,467,1292,False,False,,é˜¿æ‹‰ä¼¯è”åˆé…‹é•¿å›½,1
838282882783203328,OiAJ3ggjqRiowXb,14,4994,0,12819,84,True,False,,,1
2738316472,mika_mig,25,439,0,3,1,True,False,,,1
916979550701076480,KnollHelmut,0,52,0,6,24,True,False,,,1
14657348,tedtruth,13,321,0,72,239,False,False,nosql dev,,1
797435517281378304,VJass2,0,3515,0,439,2,True,False,,,1
1298591298258194433,DawidRan,25,434,8,10920,184,False,False,Love Crypto #btc #chz #rune #nasdaq,,1
1576433798924886017,khaledxrma,10,870,0,92,10,False,False,,,1
1527166147665178626,CarmelaMatia,20,297,0,102,12,False,False,,,1
862354501021220865,ANilsilp,40,2137,0,65,59,False,False,à¸œà¸¹à¹‰à¸Šà¸²à¸¢à¸”à¸¹à¹à¸¥à¸•à¸±à¸§à¹€à¸­à¸‡,,1
786958334461181952,RaminFarahani89,9,41,0,149,4,False,False,,Islamic Republic of Iran,1
976824265,ry_haze,11,139,0,59,911,False,False,jâ€™aime trop la libertÃ© pour accepter que celle-ci soit sous conditions #antipass lorsquâ€™ils parlent de nos valeurs moi je les imagines tous en prison,,1
1385969249227845635,MalcolmMcClusk1,112,1436,0,1023,3067,True,False,Dissident In Exile.,Yerevan,1
705194337508806657,kimj247,388,3020,5,13415,7020,False,False,"FREEDOM Lover from the Pacific Northwest! Yes, we DO exist!",Pacific North West,1
1435657481850589199,NebojsaOndrej,2,99,0,45,37,False,False,VÅ¡Ã­m,,1
934337778,tz_yf,0,426,0,14426,6472,True,False,I need Good Coffee,,1
1356971598008483840,rave_eva,3,70,2,8,0,False,False,Architecture,,1
845932401956139009,ZastrowDavid,29,166,0,103,59,False,False,"Newsmanager FOCUS online, Sportreporter und Moderator.","Freiburg im Breisgau, Deutschl",1
714574181048971264,JuniorAinamani,77,222,0,848,1486,False,False,,,1
1183243894202359808,MGJZJN,964,874,1,8881,5051,False,False,éš¾å¾—ç³Šæ¶‚ï¼Œé€€ä¸€æ­¥æµ·é˜”å¤©ç©ºè¿™éƒ½æ˜¯æ´—è„‘çš„è¯ï¼Œä½ å·²ç»å¤Ÿç³Šæ¶‚äº†ï¼Œä½ å·²ç»é€€æ— å¯é€€äº†ï¼Œä½ å´è¿˜ä¾ç„¶æ˜¯ä¸¾æ­¥ç»´è‰°ï¼ç«™ç›´äº†å§ï¼Œåˆ«ç³Šæ¶‚äº†ï¼Œä¹Ÿåˆ«é€€äº†ï¼Œä»ç°åœ¨èµ·ï¼Œä¸€ç›´å‰è¡Œï¼Œæ°¸ä¸åœæ­‡ï¼,Alaska,1
810639932,WILLMICHEALLEE,2,84,0,40,31,False,False,,"å¹¿ä¸œ, ä¸­åäººæ°‘å…±å’Œå›½",1
1403892085879492611,zhaoliangmin,134,3561,0,621,547,True,False,,,1
1494294072584019971,hoozer212,74,1081,1,4305,708,False,False,"Ex-IDF medic/paramedic(today in reserve), Medical student currently living and studying in Italy
Interested in geopolitics, military news and OSINT",Italy,1
1337794348566650881,KristapsG2,2,226,0,32,3,False,False,,,1
1511880779592347650,am_galadriel,279,1363,0,5325,1353,False,False,"ğŸ“œThe Bluebird DiariesğŸ”–

""Speak, Memory""",cottage art collective,1
2464786670,SBG1997,77,3028,6,7925,136,False,False,,,1
1528070270665342977,Liberrrterr,0,97,0,368,2,True,False,ay carmela!,"Antalya, TÃ¼rkiye",1
1058682978111447040,dellsee_free,0,165,0,267,203,True,False,To do something for freedom!,"New York, NY",1
1362839014668034054,Tahir25894387,26,380,0,24019,372,False,False,"/*chemical engineer âš—ï¸ğŸ§ª
/*@lwys be happy...ğŸ˜Š
/++$mall trader/**or INVESTOR/",India,1
1290407578451816450,AeminiumCivitas,31,284,5,194,533,False,False,All Along The Watchtower.,Aeminium,1
811524879707033600,GuanYong7047,8,151,0,13,25,False,False,è—è¡“ æŠ€è¡“å’Œç§‘å­¸ éŸ³æ¨‚ ç¶“å…¸æ–æ»¾ è¨­è¨ˆèˆ‡å»ºç¯‰ æ”å½± è—è¡“èˆ‡æ–‡åŒ–,"åŒ—äº¬, ä¸­åäººæ°‘å…±å’Œå›½",1
1193741610992816128,Yyyyyyyyyyyyus,18,248,0,1365,603,False,False,,,1
1580664265744293888,EmilL1VXETARD,39,158,0,192,259,False,False,"#NAFO   #ANONYMOUS
â¤ï¸â¤ï¸

fuck you Putin ğŸ‡·ğŸ‡ºğŸ–•
fuck you MedvedğŸ‡·ğŸ‡ºğŸ–•

#SlaviaUkraineğŸ’›ğŸ’™",ğŸ«€,1
1497851551242723330,Wilco18615679,5,290,0,28,0,False,False,,,1
1367234499722022919,Goymopoulos,250,745,1,2793,1372,False,False,,Wakanda,1
1403343918889156610,mahsimaham,1424,1177,0,9704,4651,False,False,"Master #International_law
GirlDJ ğŸ§Ù¾Ø´Øª Ø§Ú©Ø«Ø± Ø§Ú©Ø§Ù†Øª Ù¾ØªØ±ÛŒÙˆØªÙ‡Ø§ Ø³Ú©ÙˆØªÛŒ Ø§Ø² ÙÙ‡Ù… Ùˆ ÙØ±ÛŒØ§Ø¯ÛŒ Ø§Ø² Ø®Ø±Ø¯ Ù‡Ø³ØªØ´ 
Ùˆ Ø§ÛŒÙ† Ø®ÛŒÙ„ÛŒ ÙØ±Ù‚ Ø¯Ø§Ø±Ù‡ Ø¨Ø§ Ø³Ú©ÙˆØªÛŒ Ø§Ø² ØªØ±Ø³ Ùˆ ÙØ±ÛŒØ§Ø¯ÛŒ Ø§Ø² Ø¬Ù‡Ù„",persia,1
919736700095614978,FSocietyH33,17,130,0,4526,726,False,False,,,1
1410182290693496834,IngeniousMe005,72,3115,0,2284,863,False,False,Eccedentesiast,"Bengaluru, India",1
1266371356318298114,pan_franky,10,171,0,1029,265,False,False,being vegan aint that bad.. pro feeder for League of Legends.,"Las Vegas, NV",1
1495499302319312900,Kiki33365317079,5,202,0,61,0,False,False,,,1
1502073857544359936,Freedom_Yeti,1117,2598,2,39997,16166,False,False,"FğŸCK Trudeau

I prefer dangerous freedom over peaceful slavery - Malo periculosam, libertatem quam quietam servitutem

#MugClub #Canazuela #MAGA #MCGA #Veteran",,1
1015705441739796480,Tysquall1,0,70,0,11,0,False,False,,,1
24937000,mariits,60,233,3,1643,2747,True,False,,Riga,1
1572132624071806983,20220608dhc,15,123,0,3,10,False,False,,,1
194191286,REINBOOMA,339,381,3,2322,796,False,False,"RunÄÅ¡ana sudrabs, klusÄ“Å¡ana zelts.. tukÅ¡a drÅ¡*ana nabadzÄ«ba ğŸ§",RÄ«ga,1
1471175395,CharityW4CTI,4292,4103,71,27113,8377,False,False,Threat Intelligence @ Recorded Future | Geopolitics | China | Influence Operations | US Army vet |Views expressed here are my own. PR:media@recordedfuture.com,"Dallas, TX",1
2989157745,FodayFt,14,95,0,11,17,False,False,,Liberia,1
2928525726,khubaib_damas,114,743,0,197,785,False,False,"Damas
Gahkuch 
Ghizer",Gilgit-Baltistan,1
1575308292783472640,unixsh_it,17,214,0,525,379,False,False,just here to add meaningless commentary,,1
846765881820524544,ForceofLight_,271,475,2,7409,1584,False,False,"I like stories...
This is mine...

Toy photographer, geek, gamer, techie, music lover...

Featured by Hasbro, Nerdist...

I'm also on instagram...",,1
1574826019223212042,hamiskimalio,2,100,0,0,0,False,False,,,1
1394750448033308676,FilantropDialog,0,169,0,941,102,True,False,"FilantropDialog â€” philanthropy & dialog:
into finance and art to support/preserve philanthropy and dialog (for good)
Free thinking only â€” no politics/ideology!",,1
2901713703,Travis___M,5,214,0,12,0,True,False,,,1
382452715,DanlAMayer,1071,861,48,3630,4224,False,False,"Security, aspiring master of light and shadow, ex-Matasano/NCC, German in chi-town, PhD","Chicago, IL",1
1570456567438544896,KasiRed67259882,5,18,0,18,0,False,False,,,1
373611726,JoeBourke81,70,348,1,2016,1385,False,False,"Athiest, explorer, (over) thinker, he/him","Columbus, OH",1
1889813401,jakrainer,16,534,0,40,8,False,False,,,1
1574085695039311873,ArnoldMunene6,1,62,0,1,0,False,False,,,1
1573040536994316289,KissekaEdward,245,1578,0,11,19,False,False,patriotic Ugandan,,1
25373530,sandramuir,563,465,24,1822,2327,False,False,"Content marketer and social media consultant. Owner: Platypus Marketing. Editor-in-Chief: The Social Platypus, an e-newsletter for social media managers.","Waterloo, Ontario",1
1329130244402507776,entrepreniggaa,237,292,5,4541,4664,False,False,probably in the sky flying with the fishes,Duloc,1
1196705175815127041,claireq45748906,53,662,1,548,697,False,False,"Passionate about tech, cyber sec and music!",,1
1580791283005521920,Himanshi2807,0,27,0,1,0,False,False,,,1
2431374065,danio_banjo,496,403,1,78296,1648,False,False,COUNT NO MAN IS HAPPY UNTIL HIS END IS KNOWN.!,,1
1575164932160733190,hacker37450853,19,79,0,22,55,False,False,,,1
48125941,AbiGonzalezH,291,1681,3,40437,24783,False,False,ğŸ‡²ğŸ‡½ || Software Developer || ella/she/her,MÃ©xico,1
1271885726922289152,CeciliasCicci,143,4656,0,17,74,True,False,"*Carpe Diem* 
*Karma Rules*
*One Day At Time*","GÃ¶teborg, Sverige",1
2994427926,nurinaira_,37,485,0,1785,1833,True,False,"Semoga Allah memurahkan, melipat gandakan iman, rezeki dan kekuatan kepada Nurina sekeluarga setiap hari..Amin ğŸ¥°",,1
1514207493651677184,Idrisijaola1,33,311,0,111,116,False,False,Am cool n humble soul,Lagos Nigeria,1
1566208165041119233,Ayomikun_10,6,150,0,16,13,False,False,Cybersecurity || Red Team || Python || Ethical Hacking,,1
1574354735364472832,Mr_Mitty721,0,3,0,0,29,False,False,Never gonna give you up,,1
2971168081,mcvend01,5,206,0,1687,252,True,False,,,1
1394126137245143040,Mo02511108,17,292,0,7,7,False,False,Cyber security researcher,Malaysia,1
1578705168094617600,ivamanovrek,0,8,0,0,0,False,False,,,1
79840681,candicejsutton,90,87,5,26,0,True,False,,"Seattle, WA",1
812443128368164864,ippsec,89972,302,617,1092,3805,False,False,,,1
1567422110787682304,Muhamma14164027,67,725,0,318,5,False,False,,"Karachi, Pakistan",1
1112406605075746816,c4pt_mqs,9,852,0,0,0,False,False,"""Information wants to be free.""",localhost:1453,1
1561811600335683584,uae_wings,1,66,0,22,0,False,False,,,1
1486906668084563971,s15_hamid,575,1860,0,181,145,False,False,Do what is easy not what is right,Batttagram,1
1575219505978015756,misha_shahzaib,3,81,0,2,0,False,False,,,1
1540587687706509312,KhalidM01921205,638,1409,0,257,291,False,False,Ø³Ù„Ø§Ù†ÙˆØ§Ù„ÛŒ=Ø­Ù„Ù‚Û =Ù¾ÛŒ Ù¾ÛŒ= 79,,1
27253030,vannoord,56,313,5,48,143,False,False,,,1
1517790711214927874,Ali03638899,172,1128,1,4836,244,False,False,Politics and crypto,,1
1576325328422588417,hat3_andr3,2,99,0,29,4,False,False,,,1
367613615,SamyGhannad,54,350,0,875,19,False,False,"Software Builder, Security Breaker, Relentless Questioner | Staff Engineer | It's pronounced 'SawMe'",ğŸ‡¨ğŸ‡¦,1
190637781,Carpanfan96,142,1044,0,5083,2730,False,False,"IT specialist and an all around tech nerd. Video games, anime, Manga, new tech, ect. He/Him","Arlington, TX",1
1136754650177245185,pozitivetech,127,1163,2,19,371,False,False,"We believe technology is not just about programming languages. It's about applying different concepts, mixing paradigms...",PoznaÅ„,1
27814221,JayeHoke,437,3415,6,3322,17602,False,False,1/2 of Adolescent Adults Podcast God is Love Music Production Inquiries: jhokeproductions@gmail.com,"ÃœT: 39.735467,-86.033972",1
1542176161370963968,kienzler_dennis,2,12,0,0,0,False,False,,,1
1576133171388813312,sravanspoiler11,0,32,0,3,0,False,False,,,1
1577561100945862656,punitiwa,3,49,0,0,3,False,False,,,1
1573643888115556352,Zainab7364,0,34,0,3,2,False,False,,,1
1452502661605908480,KhushiM36332445,7,120,0,66,23,False,False,Ù…Ø§Ø´Ø§Ø§Ù„Ù„Û,,1
2729534974,locker1776,168,754,5,2401,952,False,False,Software tester,Chicago,1
1511015953466863617,SetJetTech,5,100,0,242,88,False,False,IT Guy. Mac Specialist. A million other things. setjettech@gmail.com,USA,1
1294767445199204362,PerceptivePlum,28,192,0,3961,1821,False,False,"Just a plum poking about. It's not the best paying job, but that's ok I'm only a plum.

Follow me and I'll follow back ğŸ˜„",United States,1
881175986976567296,valuenisse,4,102,0,175,3,False,False,,,1
1475484451618824192,austin_tseng,0,4,0,2,2,False,False,,,1
1154876298050887680,LisaLiu94897370,147,4737,0,3464,0,True,False,"Cat person. Watch and learn, not good at speaking.",,1
3472841476,vt9dt,3,204,0,6,2,True,False,wthf,hell,1
939390763,huevonesoleones,1,39,0,10,59,False,False,,,1
169239126,nsamteladze,22,148,0,3,0,False,False,"I am a software developer and a graduate student at the University of South Florida. I am interested in everything related to computers, technology and science.","Tampa, Florida",1
1544095202784296960,Burninrise,2,25,0,18,2,False,False,,,1
421364412,AKennyFitness,886,690,10,1761,1243,False,False,"Gym owner, personal trainer, cyclist, King of the Mountain instructor. I've achieved losing 5+Stone, Cycled 4400km solo across Australia- based Dublin & London",Grand Canal Dock,1
1358424335896182789,SendCoffee3,34,446,0,4846,1386,False,False,"Lapsed hillwalker, pixellated warrior and grower of veg. IT, Scottish Indy, Space and SciFi. And coffee.
Adopted Fifer.",The Kingdom Of Fife,1
478024787,chassinou,157,648,2,26197,4881,False,False,,"Zurich, Switzerland",1
2269210590,r_memel,18,121,0,5268,1734,False,False,Ğ‘Ñ‹Ğ²Ğ°ĞµÑ‚ Ğ¼Ğ°Ñ‚ĞµÑ€Ğ½ÑƒÑÑŒ. (18+),,1
1440003849629028352,hayimright,30,217,0,56,0,False,False,,,1
3071984672,canerakkoc,139,847,0,4330,3140,False,False,TC,Georgia,1
1579608052092870657,fuck_ruzkies,0,55,0,91,89,False,False,Ruzkies are pathetic brain dead communist coward cock sucking cunts.,The Collective West,1
1007658409,perropote,4,107,0,9,2109,False,False,"o yo me estoy volviendo loco, o el nÃºmero de gilipollas se estÃ¡ multiplicando.",,1
1075103735754432512,HoopesAdam,3,167,0,2,4,False,False,,,1
853933979044528128,zuoguanyunqi,348,245,2,3541,2520,False,False,,,1
1501356704532893696,Vargr75942780,1,19,0,23,4,True,False,,,1
1576479083176857603,Mial_Nic,27,866,0,3072,60,False,False,,,1
1564909819622035457,bh1886,1,186,0,113,4,False,False,,,1
2615618696,Yuriy_Stilson,1069,1417,13,42223,86133,False,False,No mercy for invaders!,,1
1022256720184270853,Romxiin,18,417,0,1667,267,False,False,numÃ©ro 9 de la team no lacking,"Paris, France",1
29788083,cdweaver,5838,461,243,8,1583,False,True,WSJ reporter. Pitches: 212-555-0178 Legitimately newsworthy tips: 212-416-4084,"New York, NY",1
2947584822,anal90heaven,507,4546,3,18702,14823,True,False,Female,"North Carolina, USA",1
1256277758453231621,M71996232,6,63,0,10643,2171,False,False,"Shohei Ohtani, Toronto Raptors ğŸ‘€",japan,1
4812883108,tryba_hatal,256,459,0,17501,14877,False,False,,,1
729144723374411776,sajochiu,0,150,0,774,2,True,False,,,1
1441372969704439809,Grzegor25193741,3,137,0,120,80,False,False,,,1
1500523069982576643,kwon_jasonb,0,23,0,1,0,False,False,,,1
2304931290,bo__master,39,470,1,875,215,False,False,,Kiyv (ĞĞ»Ğµ Ñ†Ğµ Ğ½Ğµ Ñ‚Ğ¾Ñ‡Ğ½Ğ¾...),1
1384493552,gbuyukkale,85,1571,5,29,2162,False,False,,,1
996103703701671938,pwlsjk,30,1119,0,3750,974,False,False,,,1
1546391755918016512,FNewschan,0,91,0,2554,0,True,False,"Likes are bookmarks, not endorsement.",,1
1269572899469512705,TheFamilyMan199,1703,177,1,23422,40415,False,False,,"Weston-Super-Mare, England",1
723635598888710149,aleksnovak007,293,1060,3,27804,5123,False,False,"Â»O Äemer ne moremo govoriti, o tem moramo molÄati.Â«",planet Earth,1
1497278773636612101,PeterMa70615827,0,17,1,7,0,False,False,,,1
107106064,Matt_Shapiro,412,2495,10,598,2537,False,False,Mostly water.......& Tacos.,"ÃœT: 35.119471,-80.709604",1
1425811924629942275,Patt_88,4,201,0,1750,71,False,False,,,1
1499987218810785793,GEO6060,4,26,0,24233,257,False,False,,,1
1496804906669379584,TM49158183,8,92,0,5875,232,False,False,"Where ever I go, I am there...",,1
767466435874545664,gdeorbe,51,169,0,4835,219,False,False,de Orbe ğŸ•Š,Activo por la zona,1
1425841550097932298,QPRMRtns5LvqYIY,19,69,0,2162,19,False,False,,,1
1498139089006071813,tvb2618,0,5,0,18,0,False,False,,,1
344858630,Yoe8999,71,329,0,6,2123,False,False,Administrador de empresas,,1
228876012,K4k4du,124,579,1,5109,353,False,False,"Media, Web, Ad-Tech, Programmatic, LASK | ""Your boos mean nothing, I've seen what makes you cheer.""",Linz,1
1577657526467891200,minuitange,0,22,0,76,28,False,False,,,1
28619802,raygromer,32,246,0,3450,31,False,False,,"El Cerrito, CA USA",1
1230618866142851074,Aruba20201,88,16,0,107,16,False,False,,"Hanover, Lower Saxony",1
1499772376199753731,NhtTun43788597,21,361,0,3,4,False,False,Äang Äƒn bÃ¡m má»¥ hÃ ng xÃ³m,,1
2876544315,arffmeddic,1220,2201,6,238,558,False,False,30 year public servant 24 year Real Estate broker. live and let live* just watching the insanity around me. libertarian. Happily married. Please no porn or DM's,"Orlando, FL",1
1611428196,makajara4,10,235,0,81,62,False,False,,,1
962454556440489985,PaniJoannaS,31,425,0,572,174,False,False,"RTs for interest, not endorsement.","Washington, DC",1
1582977936830787584,ase88974,1,39,0,1,6,False,False,"Wife, mom, daughter, sister",,1
1518943687819993088,peachamook,0,25,0,16,2,False,False,,,1
1498477564641296385,minagelina1,32,91,0,4055,1655,False,False,"mom to two and two furry critters
Nutrition professional
Homeschooling
Christian
Goofball
Pronouns are Mom/Momself",,1
1573204233930870785,TamatoaTefaaroa,5,201,0,132,111,False,False,,French Polynesia,1
729398348,AngryMomUSA,3257,3371,15,113842,22774,False,False,#TeamReality before it was cool #SchoolChoice #PoliticallyHomeless or at least somewhere in the middle,The corrupt state of MLG ,1
1579900224973045763,SomeChicSarah,1,62,0,25,20,True,False,Passionate about family; concerned about hypocrisy; simultaneously seeks humility and levityâ€¦ for a good time.,"Lafayette, Ca",1
388410575,linda_lohse,629,2461,1,178286,67537,False,False,"Born again believer in Jesus Christ.
Mom n Anya.
Worked as an RN for many years","Forest Hill, MD",1
1519323305278427143,MalouinSteve,687,3134,0,2285,2286,False,False,see life with open eyes.,"Port-cartier, Qc, Canada ",1
1478577845081460740,STL_CryptoChris,732,2922,10,12062,3861,False,False,,,1
2892910672,stugot2,82,763,5,70475,6822,False,False,,,1
1348116575518396417,joy80178062,2970,4979,2,22368,22114,False,False,My gender pronouns are FJB and LGB. #maga #trump #patriot #letsgobrandon #winnersdontdeletefilesthedaybeforeanaudit,"California, USA",1
1519081285377003521,AndrewDabalNJ,6,139,0,1048,3,False,False,,,1
1345434550193717250,NotDanSnyder1,2955,3521,4,134881,87996,False,False,"Living at the crossroads of sport & politics. #GGMU fan, #USWNT sycophant, Spirit/Nats/Bullets/Capitals/Commanders! #GlazersOut ğŸ´â€â˜ ï¸ fully vax'd, no crypto bs",Rent free in your head!,1
2823203838,Impacist735,99,502,2,4919,2856,False,False,,,1
1486245081732550659,MrThameson,3,130,0,31,14,False,False,,,1
1510343444987789318,Obiwonkanobi123,0,1942,0,8982,0,True,False,,,1
1144134744738676736,scott56920844,76,282,0,749,1278,False,False,,,1
837989619308253184,KyleLionheart1,291,871,3,4150,3895,False,False,what are you looking at?ğŸ˜‰,FL,1
1527028315621576707,DollyD2022,6384,3788,3,34744,41760,False,False,"ğŸ”¥NO DM'sğŸ”¥   ğŸ‡ºğŸ‡²ğŸ‡¬ğŸ‡§ğŸŠ MAGA. Legal immigrant.  
Tri-lingual. Not here for a date.",,1
1545267872489828352,olitweetr,58,588,0,9510,406,False,False,mad as a cut snake,Far north queensland,1
23399173,fortytipper,46,154,1,765,1974,False,False,,"Sacramento, California ",1
1480027708805423105,Farahback1,1993,2605,0,2430,6030,False,False,,"New York, USA",1
2202496006,seanlamb492,67,600,3,4605,2974,False,False,I love sports and laughing. I follow politics. Kids are really cool. StL Cardinals Always!,Clemmons NC,1
1384332884144574471,JesseBo64094531,14,934,0,5605,2282,True,False,An Alias who just likes to surf Twitter... ğŸ‡ºğŸ‡¸ğŸ‡®ğŸ‡±ğŸ¤ âœï¸ğŸ•,,1
257882833,taxwithbrad,2135,4922,0,4377,13108,False,False,"true American , CBJ fan and season ticket holder. father and grandfather.",,1
1473453802921422848,frizenio,1,89,0,22,88,False,False,,,1
896087915285147648,RushistheGOAT,98,887,0,22256,10083,False,False,Jesus Needer ğŸ‡ºğŸ‡¸ Proud American ğŸ‡ºğŸ‡¸,USA,1
257309799,IAMLEGEND1204,617,1870,0,973,1302,False,False,Conservative Criminal Defense Lawyer; Husband; Father; TradCat;2A Enthusiast; Hunter,"Tacoma, Washington",1
1427413876870631424,usa_hanan,65,158,0,2835,1271,False,False,"Purchasing and sourcing Director, chain management experience, ... Establish and enforce procurement policies and procedures.","New Jersey, USA",1
1419497873503264778,IMhO___w___Lv,4,280,0,2695,979,False,False,"Writing my bio day by day.  Humbly participating in ""this""",,1
1564565230016929793,Jimyjames1776,46,642,0,438,1022,False,False,Big sports guy. Not a joke. Repeat the line.,What use to be America ğŸ‡ºğŸ‡¸,1
1278377319439179776,SleepyJenkins,83,360,0,190,1489,False,False,Alt. @ElevatedLowlife ğŸ‡ºğŸ‡¸ InfidelğŸ‡ºğŸ‡¸Deplorable ğŸ‡ºğŸ‡¸ Pure BloodğŸ‡ºğŸ‡¸IGY6 ğŸ‡ºğŸ‡¸Posse UpğŸ‡ºğŸ‡¸Donâ€™t Tread On MeğŸ‡ºğŸ‡¸Bring The FuckeryğŸ‡ºğŸ‡¸,812,1
4085164222,romans_8_1,1696,4540,0,18342,33250,False,False,"hi...Trump WON! Make AmericaGreatAgainAgain. Romans 8:1. Not perfect, but striving. Laugh, and the world laughs with you ( sometimes). Kinda snarky. Patriot!","Kentucky, USA",1
1564053381286662146,guest_america,41,658,0,300,249,False,False,Foreigner | Student| Business School,Texas,1
2296658099,0timeforit,114,1712,0,5834,3034,False,False,ğŸ‡ºğŸ‡¸ Iâ€™ll share as I learn.,USA,1
1442876122119565315,Roland62962414,35,477,0,909,70,False,False,,,1
2157600427,k_kn30,1,625,0,57,6,True,False,,,1
1457159225046716426,2westbergs,25,491,0,4729,0,False,False,,,1
1576101991318663168,JedZSavage,462,159,0,291,79,False,False,"Back @ it - IYKYK - deleted @ 22k. Former greyhat/spook, current rogue/swashbuckler, always ğŸ‡ºğŸ‡¸ American Patriot. I know who JÎSÅ¦ÎR is. Yes, it's really me. ğŸ‘»","NW Wyoming, USA",1
1519502969485418496,Tifaliciious,75,422,0,941,619,False,False,"I'm here for the internet Lord and Savior, Elon Musk.
My pronouns are Fuck/You",,1
1573850800312516612,SparklingWhit12,26,183,0,811,615,False,False,,,1
32292423,beachmamax2,1329,1351,22,31530,36519,False,False,"Born & raised NC girl, who built a life and a home in VA. Believer. Blessed Wifey. Proud Momma of two amazing sons.","Virginia, USA",1
1051523421488771074,AppeaseEasy,0,329,0,62,0,True,False,,"BogotÃ¡, D.C., Colombia",1
1288632002728665093,ArtofAstora,69,561,3,2047,96,False,False,https://t.co/rlnmcQlgkw,,1
47187389,KGEMER,177,1603,2,52768,4451,False,False,"UT wife, Baylor and TCU momğŸ»ğŸ¸ğŸ¤˜","iPhone: 29.639488,-98.456528",1
1422339522235445257,rjs631,1228,2836,3,4381,4352,False,False,Navy submariner coldwarrior vet.,"Lubbock, TX",1
4511525566,blhfam,0,108,0,1,0,False,False,,,1
925571688800051200,Jacobagri,74,198,0,441,2,False,False,"Alfalfa, Cotton and grain farmer",,1
1559192624229122050,Jonathan_Flows5,31,413,0,99,5,False,False,None,,1
344063606,lunarsauk,203,620,3,10234,13347,False,False,"ğŸ‡ºğŸ‡² ğŸ¦…ğŸ¯ Christian, Husband, Patriot | 'Shall not be infringed' | Romans 12:9-10",United States,1
1138790652349693952,TruthNotLies7,34,168,0,2824,1350,False,False,The constitution does not have contingencies.,New York,1
2411694472,WenzelDr,0,15,0,1,1,False,False,,,1
3437893750,fjp17209,155,609,0,72668,3857,False,False,God. Family. Country. MAGA.,,1
1522383846,speedynjca,1,94,0,187,10,False,False,,,1
1565727581420376065,StephanieStav74,7,142,0,91,6,False,False,,,1
64911250,Makes3,46,432,0,33521,5,False,False,,Florida,1
1513163590886383618,HunterH63348224,0,16,0,4,5,False,False,,"Vero Beach, FL",1
822513581216370689,Murph3244,2166,3844,3,35590,1707,False,False,"Patriot, father, and lover of all things America! #TrumpWon #MAGA #Lockthemallup","Queens, NY",1
216782048,chuckdemko,575,887,4,74182,2352,False,False,"The dude known as JJ, too!  Ops Manager, Laurel Media, Inc.  Proud Christian & Conservative.  Proud dad of 3!","Sheffield, PA",1
1876914812,CarlVanNus,6,85,0,134,16,False,False,,,1
1568291825743536131,thecynicalbrit,55,352,0,4202,1939,False,False,"WAR IS PEACE, FREEDOM IS SLAVERY, AND IGNORANCE IS STRENGTH.",,1
21023495,chris_newport,10,69,0,1,2,False,False,,"Kew, Surrey, UK",1
4037168892,ColinPo51124299,3,75,0,2,2,False,False,,Canada,1
2669153169,cstorchia,10,177,1,2034,7,False,False,,Atlanta GA,1
1519752424579379202,rwinkRN70,68,774,0,10,0,False,False,Dialysis RN,,1
45823840,louise1365,18,261,0,3902,2520,False,False,,,1
1518838114713755649,TomTo66829082,467,544,0,4961,5404,False,False,"**Christian**
**Constitutionalist**
**Conservative**
ğŸ‡ºğŸ‡¸ğŸ‡ºğŸ‡¸ US Army Vet ğŸ‡ºğŸ‡¸ğŸ‡ºğŸ‡¸
**1A 2A is our right ğŸ‘Š**","Garner, NC",1
56494510,Phill9497,0,186,0,10,0,True,False,,Quantico,1
1463489256735662094,Lindsey60232313,0,1,0,0,0,False,False,,,1
758869423788732416,stewit10,4,68,0,12,15,False,False,,"Plymouth Meeting, PA",1
752555380325113856,KJAnton1976,2566,3229,4,10846,81238,False,False,,"New Jersey, USA",1
1495604770698104836,azarias_del,4,275,0,0,0,False,False,"Guia nacional de turistas de la RepÃºblica Dominicana, Lic. en derecho y amante de la fisiologÃ­a atlÃ©tica.",,1
1415436928774774788,Wendy85804444,5,125,0,28,1,False,False,,,1
408059455,Gator1464,1374,2471,26,63649,63512,False,False,ğŸŠğŸŠğŸŠGators Rule! #gatorbait #trump2020 #2A trump won get over it #ledzepplin #gogators @kidrock chicken willie #KAG support the troops Upchurch Laura loomer,,1
1059360080,1984Trumanshow,36,394,1,2208,2025,False,False,,,1
1050531767814381568,theTruth_alone,601,642,2,57111,21835,False,False,"One saved late in the day, & now a bond-slave of the Lord Jesus Christ. Reformed and Baptist. Wife, Mother, Grandmother, and Daughter. No DM's from men please.",Citizen of heaven,1
964710930146844674,JJans2829,2,136,0,608,3,False,False,,"Bellevue, WI",1
25434828,johnhmartineau,77,199,4,13,166,True,False,Owner/Manager Swamp Shack BBQ,Blountstown FL,1
1174378302833922049,catrassler,416,1285,0,8253,210,False,False,"Newly retired and loving it.
Fishaholic. 
Enough with the climate change scam. 
Conservative with a touch of Libertarian.",Georgia and Florida,1
914936987177541632,red8sox76,31,487,0,9383,138,False,False,,Godâ€™s Country,1
1278042381053562882,attig_chadd,123,1290,0,502,89,False,False,#NUTSOUP,,1
1518648017343201283,Molld89,1,78,0,968,13,True,False,,,1
1479766805182697475,TUGGSPE80289493,421,2118,35,1180,1362,False,False,"The Scorcher Hexalogy. I am NOT a BOT, I am HUMAN. BUY A TESLA.",,1
1519734569867649025,LepereLeisure,8,46,0,188,201,False,False,MAGA,,1
47810804,MU72,7,73,1,2299,33,False,False,,"Ohio, USA",1
1062921526146748417,RSkeletor,40,146,0,493,3025,False,False,"Aspiring ruler of Eternia, evil mastermind, astute political observer of Earth, Belieber because I believe in Justin Bieber and he believes in me. He-Man Sucks!",Eternia,1
1432725956775514113,1968_maddog,29,368,0,220,123,False,False,"Naval Aviation Ordnanceman, Metal detectorist, Factory worker, IT analyst proud american proud south carolinian, Proud Southerner.","Aiken, Sc",1
1454063366209740800,AskAndyCampbell,10,35,0,176,295,False,False,"Life is for the living! My journey living with solid tumor cancer (Stage 4 Pancreatic). The highs, the lows, the amazing and the incompetent.",,1
1510246092918599684,BonzaiZ2,4,174,0,40,0,False,False,ğŸ’«ğŸ’—ğŸŒ»Just me being meğŸŒ»ğŸ’—ğŸ’«,,1
1319390242487496709,BenLoewen11,909,3433,0,1057,854,False,False,,,1
1434994084163248136,MBlank87338230,3,164,0,194,90,False,False,,,1
1580630570102534144,JosephD45016357,23,193,0,136,86,False,False,,,1
1445474348173643784,PeteRusso7,11,140,0,15,0,False,False,,"Youngsville, LA",1
1507473573052665864,JarrettSongstad,3,228,0,65,9,False,False,,"Monroe, WA",1
1325061223642247168,DrCarolStuart,24,101,0,7523,50,False,False,,,1
822966593428672513,WallmanNeil,3,79,0,22,4,False,False,,,1
2792946285,smithka430,1176,1599,1,244976,127829,False,False,Catholic/Wife of Mike/Mother of Michael/PennState/NCCU/Love the USA and the South/Conservative/AmericaFirst/ğŸ™âœï¸ğŸ‡ºğŸ‡¸,"Apex, NC",1
438517507,TTino74,1908,2414,27,49845,53801,False,False,"â€œLighten up, Francisâ€ -Sgt. Hulka #Hashtagger #Parrothead #TWD #graphicdesigner","Boise, ID",1
34306845,Zeesman,682,2526,4,797,1594,False,False,"If you change the way you look at things, the things you look at change. 
~ Wayne Dyer","Aurora, Ontario",1
1461390034226008070,Barbara85714271,3,59,0,1,0,False,False,Caring grandma,,1
1581285750393520128,SarahWilliammm,69,371,0,1,5,False,False,"Space fact:

Because of lower gravity, a person who weighs 220 lbs on Earth would weigh 84 lbs on Mars.",New Zealand,1
38254304,rickspies,1156,3790,38,41524,19728,False,False,"Soccer is my religion. Commentator for EVE Online AT XI and XII, aka Bacchanalian. 10th year Extra Lifer. He/him/his.","Denver, Colorado",1
1098799130,monksdesigns,129,314,1,4747,161,False,False,I am an accountant in an artist's body.,"Fort Collins, CO",1
1512371325226037262,reddic_michelle,2,134,0,1123,592,False,False,,,1
382145410,mhalps63,45,362,2,12795,1221,False,False,,,1
1398562998,deemarci1227,242,655,0,48735,3358,False,False,"Mom, Gigi, Friend, Believer, dog-mom, Democrat, San Francisco Giants fan, believer in equal rights for all and fully vaccinated. She/her",,1
14443328,jackiebels,138,322,3,14083,1666,False,False,,"Loveland, CO",1
451636645,HossJD,468,760,0,50519,1523,False,False,"Old, poorly educated, Appalachian American, blue voting, blues and rock listening, loves to cook and sarcastic SOB.ğŸŒˆğŸ»â˜®ï¸ğŸŒŠğŸ¸","Fort Pierce, FL",1
1500273652356505603,4124122N2102651,17,475,0,2490,20,False,False,This activity is for my education.,,1
322385505,usmpcpt,62,760,2,7672,948,False,False,"Husband | Father | Combat Vet | Former LEO | âœï¸ â€œDonâ€™t measure a manâ€™s success by how high he climbs, but how high he bounces when he hits bottom.â€ ~Gen. Patton","Kernersville, NC",1
1579796129947992066,Bernade56365676,12,83,0,443,686,False,False,,,1
394567068,clbarne,2,983,0,107,7,True,False,,,1
29138156,The_Tucson_Kid,6,271,0,107,21,True,False,,"Frisco, TX",1
1141445244,MarkKopelman,34,117,0,11799,3846,False,False,,,1
466132738,cgkelly14,167,1675,2,4612,4682,False,False,,"London, Ontario",1
737634944,Jenibug2,4,54,0,158,28,False,False,,,1
1215945157,river0013,44,328,1,35918,444,False,False,"Whitewater canoeing, custom home design, Revit, IPAs, backpacking.",,1
1499480451097903112,RealTimSewell,494,448,1,3210,5201,False,False,"Recently Retired, Proud Democrat, All Blue in 2022, Fuck MAGA, Fuck trump, Fuck the GOP, Fuck Qanon!","Burbank, CA",1
1575236056613589015,Augusto22964502,226,5001,0,439,18,False,False,she - hulk titania spider verse deadpool - wolverine fifa,,1
1309483738779193344,aminultech24,3,169,1,1,5,False,False,Travel Inspiration,"Dhaka, Bangladesh",1
1581967289364127745,lindami08048545,36,1130,0,1,0,False,False,,,1
18744083,zisforzeppelin,658,839,13,15709,14256,True,False,{all views and swear words are my own; she/her},"North Little Rock, AR",1
1527777455112540161,caseystsupery,13,178,0,6189,40,False,False,,,1
1583237802656993280,BookDOTM,2,53,0,53,0,False,False,,,1
2411241364,Bjorn_Anders1,320,857,0,680,684,False,False,#FBR #RETWEEET #VET #BLM #Î© #trumpWorstPresidentEver #VoteBlueNoMatterWho #connectblue #BlueVoice #BlueWave #VoteBlue #FBPPR #F4F #RejoinEU #Equality #Animals,ğŸ‡³ğŸ‡´ ğŸ‡ºğŸ‡¸ ,1
1086303858853376000,jaymeswoulds,0,281,0,239,1787,False,False,Impeachment 2x rules,"Beverly Hills, CA",1
2536268068,D2BtheTeach,39,71,0,1976,5208,False,False,,"Chesaning, MI",1
50026377,BigDaddyCostco,642,1696,17,25654,61,True,False,steady lurkin',Austin,1
552295230,JackalPc,130,714,0,35640,9644,False,False,Look Closer,,1
1483473505463062528,312310SRFC,0,53,0,13,0,False,False,,,1
1516775912,gabydiaz2323,67,538,0,6797,517,True,False,,,1
1855587277,TimRiedel1,36,210,0,232,13,False,False,,,1
1155522524886765570,dt200459,8,440,0,5462,1844,False,False,,"Philadelphia, PA",1
831277785960181764,Rdl8192Boyz,134,281,0,17103,5677,False,False,MT born & raised. Independant thinker who loves our country & democracy. Believes ALL people deserve respect & are children of GOD. Truth over lies always.,,1
773941669,castillom74,22,62,0,3104,167,False,False,,,1
1143043523718987778,BrianKirt,136,1268,0,4750,3279,False,False,"#ThanksObama ğŸ‡ºğŸ‡¸
Truth, Love, and Equity.
ğŸŒ #HumanRights ğŸ‡ºğŸ‡¦
#Noh8 ğŸ³ï¸â€âš§ï¸  #BlackLivesMatter  
ğŸ‡ºğŸ‡¸  #TeamUSA #Stonewall ğŸ³ï¸â€ğŸŒˆ #EqualityAct","Slate Belt, Pennsylvania",1
3382362215,gina_roemer,854,1196,1,267686,85478,False,False,"Antifa by choice, Viking by nature, Southern lady by upbringing. Pure intuitive. No DMs.","Virginia, USA and Paamul, MX",1
70553480,po_not_your_own,33,913,0,3726,1126,False,False,è©±ã—ç›¸æ‰‹ãŒã„ãªã„ã¨ãã«å¥½ããªã‚ˆã†ã«å‘Ÿã„ã¦ã„ã¾ã™ã€‚,Tokyo Japan,1
1289540707028545536,Renata28201439,58,521,0,19279,2310,False,False,,,1
1314663782396956673,Martyritesnovel,201,122,0,36621,2461,False,False,,,1
19014251,cherefor,57,461,0,6681,29,False,False,,,1
1426243023147442176,VarneyDayanna,18,219,0,9083,66,False,False,,,1
1223635234438119424,Derrick91083075,197,1580,0,5613,358,False,False,"Figuring it all out. I communicate in puns, mostly. YNWA. Free Palestine. End Christian Nationalism.","Philadelphia, PA",1
965872581516541959,Millie88333066,38,648,0,50,121,False,False,,,1
1445100248649682950,Dago_mon,33,279,0,2378,1189,False,False,"Proud father of 5, husband, ex-pat, former wetback, immigrant sympathizer, progressive AF, cult 45 is social cancer",Costa Rica,1
1587404162,jucilei59610757,199,1040,0,2443,15,False,False,,"Porto, Portugal",1
1583182785426165761,redwood995,1,64,0,12,4,False,False,Walking,,1
1583256391841681416,mtzmd67083918,0,47,0,2,2,False,False,,,0
1581737354322132992,GaniyuI70581769,2,80,0,8,0,False,False,,,0
1583224793997918211,RendyWyland,1,13,0,0,0,False,False,,,0
1583200051815399424,louis_kalolo,1,77,0,0,0,False,False,,,0
1573325173368815616,Billie80816822,205,21,0,90,1134,False,False,,,0
1583155751547277312,Michelejane0,1,16,0,0,0,False,False,,,0
1583245832706576385,CraigEd76825971,0,18,0,0,0,False,False,,,0
1582473122439118848,williams1mason,45,539,0,32,17,False,False,"My Life as I would like to live. 
One of male sex and gender, dad of two ğŸ‘¨â€ğŸ‘§â€ğŸ‘¦
Australia ğŸ‡¦ğŸ‡º
Germany ğŸ‡©ğŸ‡ª","South Australia, Australia",0
1575475075960242180,MatthewOkolo3,11,66,0,0,4,False,False,,,0
1583253277545623554,ShaneCreech6,1,132,0,0,0,False,False,,,0
1567297084642193410,Dhananjay1482k3,3,44,0,55,1,False,False,,,0
1143189259534262272,JimBannon7,141,209,1,0,6735,False,False,BudgetVideo4BIZ. #Push2GO. #qrcode #EngageDirectMeasure  #GOO.GL  #PPAI_HQ #ASI https://t.co/B81D9GuOFZ. #Call2ACTIONSymbols    Reach Out at SKYPE:  JimBannon306  #PrintChat,"San Tan Valley, AZ",0
1573351471869218817,Rhonda01335612,175,21,0,0,16,False,False,,,0
1583199047661363202,PrinceKJohn5,5,263,0,3,5,False,False,MimeğŸ­ğŸ­,Liberia,0
1306124942157774848,Cristhe59889479,0,27,0,1,0,False,False,,,0
1583162493156868103,naveenburramukk,2,14,0,0,0,False,False,,,0
1573739093669838849,SoulaBurrell,6,56,0,37,6,False,False,,,0
1573335829795184640,Marnie50241375,146,21,0,112,623,False,False,,,0
1344276946147024903,precious_ogarah,30,145,1,3780,9,False,False,Itâ€™s very Personal.,Somewhere on Earth.,0
1420300705055879170,cmiller473,0,67,0,29,0,False,False,,,0
1200666694659846144,FaeKiseki,27,66,0,3369,12,False,False,,,0
1583169639642763278,BikweAgba,4,89,0,0,2,False,False,,,0
1313134914590605318,LakenLitton,6,95,0,6,15,False,False,Health and Wellness Coach,"Ohio, USA",0
1581209458465710080,Ndagah_Lilo,13,176,0,0,0,False,False,,,0
1525125244566085633,Kayronluigi0,1,6,0,3,0,False,False,I be my kingâ€¦.,"England, United Kingdom",0
1582648286602731522,rrptackova,1,28,0,0,0,False,False,,,0
1583222534866083842,Lilnightinaleo,1,37,0,0,0,False,False,,,0
1573272348857454593,Bonny38306649,222,21,0,0,0,False,False,,,0
1537156423523741701,CrazedPixels,11,388,0,867,32,False,False,:),Scotland,0
1579494897576443904,HussainiSadik1,4,31,0,14,5,False,False,,,0
1517013552946634752,holl_tei,0,78,0,5,0,True,False,,,0
1573351469771792387,Bridget25998476,138,21,0,0,11,False,False,,,0
1573303237645582338,Thu06489785,118,21,0,0,21,False,False,,,0
1030020452561891328,Lionel_Nana_kay,141,779,0,8429,215,False,False,Staunch BarcÃ  fanğŸ˜™ğŸ˜˜. Future billionaire in the makingğŸ‘ŠğŸ‘ŠğŸ‘ŠğŸ’µğŸ’°ğŸ’´ğŸ’µğŸ’°,"Kumasi, Accra ",0
1527466056104964096,OAA_Div2,0,54,0,0,0,True,False,,,0
1581322159485603844,bedirhan399_,0,34,0,51,0,True,False,,,0
1582938115542507520,MarthaTakyiwaa,5,171,0,8,6,False,False,Well Iâ€™m honest sorry for introducing into your privacy I was actually trying to find new friends when I come across your tweeting profile and was attractedâ€¦..,"California, USA",0
1583168180968689667,FaridKh22444523,0,128,0,0,0,False,False,,,0
1087679306938150912,Ernest75652383,0,12,0,5,0,False,False,,,0
1556056693737267200,AramburuH3,1,28,1,0,0,False,False,,,0
1583271293666951169,iam_mwala,0,105,0,0,0,False,False,,,0
1577364306647289856,AINOMUGISHAEDS3,28,527,0,102,9,False,False,,,0
1583142310568566784,cheyb23cca,3,38,0,6,3,False,False,"cca '23
ap econ, ap gov/pol",,0
1573315728060698626,Geralyn49747151,158,21,0,107,1062,False,False,,Ø§Ù„Ø±ÙŠØ§Ø¶,0
1573405449550020609,Violett22662683,125,21,0,0,7,False,False,,,0
1574869090484756523,cavekiddo_,1,29,0,28,5,False,False,,,0
1454107463775576069,Amandar89631072,5,46,0,8,3,False,False,,"Selby, England",0
1583181819050135571,yemzo22,0,88,0,0,0,False,False,,,0
1583262532181041154,AdrainSemon,1,52,0,0,0,False,False,,,0
1573317096041320449,Ginette08390939,113,21,0,112,633,False,False,,Ø§Ù„Ø±ÙŠØ§Ø¶,0
1583262820791070720,IvanovJarvis,0,18,0,0,0,False,False,,,0
1582808275174961152,jorgiahawthorne,1,72,0,0,0,False,False,journalist in training @umjschool | she/her,,0
1582681965223886848,DylanCook181,3,36,0,1,0,False,False,,,0
1574602566205415439,PhaedrusLucret,0,85,0,0,0,False,False,,,0
1582619205353906176,MarcusHsu9,2,64,0,0,0,False,False,,,0
1563532175752183808,AyeleObsinan,7,136,0,12,0,False,False,,,0
1311343220140507137,maamagal,3,234,0,0,0,False,False,self reliance!,,0
194519382,ip102803,4,26,0,3,9,False,False,samsung,SOUTH KOREA,0
1440685622553763848,Peace62801,0,62,0,23,5,False,False,Daayyymnn,,0
1582857589481738240,annelson1387,1,20,0,0,0,False,False,,,0
1245073304,SuperAgTeacher,71,198,0,405,176,False,False,Career Readiness & Student Success. Las Cruces Public Schools.,"Las Cruces, NM",0
1582445194418524191,NellyLo85432863,1,19,0,0,2,False,False,,,0
1518813855757049856,Khurram13021096,0,77,0,140,36,False,False,,,0
1583047530543128576,LIT_edUP,1,60,0,0,0,False,False,,,0
1536327353785552896,Ravi87992519,71,1513,1,455,4,False,False,,,0
1416971092506210307,curvy_cora,2,25,0,0,2,False,False,subscribe to my only fans:Curvy_Cora,United States,0
1582393929609224193,H3g3m0nicTyr4nt,2,69,0,41,23,True,False,,"somewhere, just not there",0
1582429896567029764,Charbelbassilll,1,90,0,4,0,False,False,,,0
741666071124574208,AdanQjourney,32,230,0,294,118,False,False,"Hah, I'm testing some functions . That is not really my photographs. Apeares nice, right?","Los Angeles, CA",0
1581654416758751240,AbuHani96466202,1,33,0,2,2,False,False,,,0
1582566017838063617,EskusasaG,1,54,0,0,0,False,False,,,0
1581872583267713025,Kaka27315410,0,1496,0,3,1,True,False,,,0
1582895912354951168,JUSTONRAY04,8,74,0,0,0,False,False,,,0
22057653,highlandcollie,25,140,0,317,1483,True,False,eclectic liberal hippie photographer designer that loves dan and my dog. hangin' @ home through covid quarantine,"Speedway, Indiana",0
1583031465515753472,LangevinSuk,5,92,0,0,0,False,False,,,0
1554075935661752320,SB_Amato,2,11,0,2,2,False,False,,,0
1578267923734753280,Nasir_0oo,7,44,0,108,4,False,False,,,0
1582895246228103168,MegBrow29527285,0,4,0,0,0,False,False,,,0
1415398563350257672,PG1304925924,21,476,0,9,0,False,False,,,0
1582484133531598848,dottysmum,3,91,0,0,0,False,False,,,0
1582525710161379329,Mathews17Deb,4,69,0,30,4,False,False,,,0
1073724161044885504,konjoe5,176,4943,0,1033,596,False,False,,Beijing,0
1520882778530799616,RichardJBrowni3,14,85,1,16,24,False,False,"My name is Richard J. Browning, I graduated in Stanford University, and since 2010 I have started my business as an affiliate marketer.",United States,0
1582826206491205632,AleksMer3,1,52,0,0,0,False,False,,,0
2912518476,jwang3246,133,32,0,417,312,False,False,é™¤è½¬æ¨å¤–ï¼Œæ‰€æœ‰å›¾ç‰‡å‡ä¸ºæœ¬äººæ‹æ‘„ä½œå“ã€‚All photos are mine except Retweets. #photography #portrait #landscape #æ‘„å½± #é£å…‰æ‘„å½± #å†™çœŸæ‘„å½±,,0
1583260079649849345,blazich_j,0,10,0,0,0,False,False,,,0
1582769626890784768,ChumnumShrath,2,44,0,2,3,False,False,,,0
1572501462206349313,PeterKipkurui12,2,70,0,26,4,False,False,,,0
3096228643,LoveneeshJ,11,234,1,957,72,False,False,,"Kolkata, India",0
1583121620637556736,ManassesLira2,9,91,0,29,12,False,False,,,0
3088182295,chee120494,1,29,0,14,159,True,False,ç›äºå¾‹å·±ï¼Œç”œä»¥å¾…äºº,,0
1198761306,Ricci1223,160,653,2,754,296,False,False,,,0
1582451204319285270,Space1AndBeyond,2,102,0,0,1,False,False,,,0
1583259668746493953,HarryWi8692,3,10,0,0,0,False,False,,"Orlando, FL",0
1573382260983750657,DebKasler,2,22,0,0,0,False,False,,,0
1576657719972564992,abir__tiss,1,58,0,0,0,False,False,,,0
457369657,Oscass1,20,407,0,23,232,False,False,"Oh, that you would bless me and expand my territory! Please be with me in all that I do, and keep me from all trouble and pain!â€",Uganda,0
1582778979899113479,clipsen83,1,68,0,0,0,False,False,,,0
1582995208651825154,MeaKarisa,26,326,0,0,0,False,False,,,0
1582978467393519617,Rigober04169898,1,83,0,0,0,False,False,,,0
2737003958,WritesBright,51315,2637,313,10107,11514,False,True,Yorkshireman. ğŸ“š Author: Fortress London ğŸ“š https://t.co/sKdn5nQTeA,ğŸ’»,0
47297360,WilliamColes1,667,695,17,70,9,False,False,"Bill Coles - journalist, and lecturer, and author of love stories, and a writer of murder mysteries, and a runner; and an addict, also, for adventure",Edinburgh,0
323140379,scabralreports,674,1977,10,23569,4267,False,False,Digital Journalist @BBCNews @BBCNorthAmerica | ğŸ‡±ğŸ‡° in ğŸ‡ºğŸ‡¸ | Medill â€˜20 | Berkeley â€˜17 | News Tips: sam.cabral@bbc.co.uk | IG: @samthenewsman,"Washington, DC",0
70158243,decsagi,1287,2947,3,9037,7701,False,False,An easy convert to things worth converting to.,"Noida, India",0
2358267385,tariqzaidiphoto,2775,3974,36,1769,822,False,False,"Artist. Award Winning Photographer, Visual Storyteller & Author of â€œSapeurs: Ladies and Gentlemen of the Congoâ€ and â€œSin Salidaâ€ (No Way Out). All Links Here â¬‡ï¸",,0
129167034,Hollycarystella,2058,3314,12,5298,2505,False,False,Senior TV Producer @PiersUncensored @NewsUK / Former @BBCNews @victorialive @BBCWorld,London,0
2375510436,England_Rob_,1454,1685,30,2871,1572,False,True,"Data Journalist ğŸ“ˆ Data & Analysis @BBCNews, #DDJ, #Rstats. DMs open or contact: rob.england@bbc.co.uk","Birmingham, England",0
2586218657,FeierabendSam,196,783,1,4272,441,False,False,@cardiffjomec MA News Journalism| Pontprennau and Old St Mellons for The Cardiffian  | Co-Creator @desabendnews | contributor for @vavel Retweets â‰  endorsements,,0
62012713,Zoeeee___,393,497,0,2981,17788,False,False,,,0
553283427,chenqiangg,13,4422,0,550,1000,True,False,,Beijing,0
64312140,charliebayliss_,1588,1446,20,3825,1232,False,True,"PR @72point. Former journalist at ITV News, MailOnline, Daily Express and GB News.","London, England",0
34655247,Bill_Carmichael,1377,1923,46,1562,2870,False,False,"Bill Carmichael - journalist, teacher. Columnist at the Yorkshire Post, teaches journalism at the University of Sheffield. Novice Christian. Novice churchwarden",Sheffield UK,0
2423596500,MattPower17,15,147,0,18,19,False,False,,,0
477215295,VelvetCakery,1682,2846,16,1327,1003,False,False,"The Little Velvet Cakery, Ammanford, Carmarthenshire, high quality occassion cakes, using local products. #weddingcakewales #weddingcake #wales #cakecourse","Swansea, United Kingdom",0
2422727715,heleninger11,28,165,0,16,24,False,False,,,0
14476016,AdamBienkov,124517,5067,1497,13077,69439,False,True,Political Editor and Correspondent @BylineTimes. Subscribe to my newsletter @FoldedNews https://t.co/hoJugYdoeA. DMs open. Stories: adam@bylinetimes.com,House of Commons Press Gallery,0
16596200,natalieben,184318,144163,1889,27220,108123,False,True,Green Party peer. Party leader 2012-16. Sheffield Green Party member. Follows not an endorsement.,,0
1075858459323719680,KeffordMatt,391,2288,5,8181,947,False,False,"Journalist @businessbecause, words also in @theipaper, @thesundaytimes & more. @ChelseaFC fan, sorry.","London, England",0
1594571881,BristolPopPunk,545,1130,3,26,1,False,False,,Bristol,0
1108532898171359233,saineydaffeh,378,3703,0,87,10,False,False,"I am a young boy, Iâ€™m a good honest Christian âœï¸ vary faithful, and Truthful, because thatâ€™s the best! Love Everyone God bless.!!ğŸ™ğŸ¿ğŸ’•âœï¸ğŸ™",Gambia,0
3129585838,JJ_641,6,370,0,10,16,False,False,,,0
14319386,danlytwyn,947,615,34,2396,1083,False,True,Senior Content Producer @Metrolinx â€¢ Previously @BBCWorld @HuffPostCanada â€¢ He/Him,Toronto,0
166942410,ITVWales,111108,1595,680,747,77411,False,True,"The latest news, sport & entertainment for Wales. Contact us: wales@itv.com - https://t.co/AXUXXJG0Fb - https://t.co/aXn6ansrMd",Wales,0
448779052,JaredTinslay,314,665,6,817,790,False,False,Assistant Editor @matchmagazine & @WorldSoccerMag I Collector of bizarre football shirts I Barcelona Annual 2019-2022 I #COYS,,0
769927495,ReganAustin_,287,1984,4,1594,443,False,False,Account Director at DreamDay Public Relations,"Chicago, IL",0
7087662,mikewhills,7781,7911,444,22461,37594,False,True,"BBC News journalist. Making charts and maps and explaining stuff in the Visual Journalism team. Otherwise, @kerryhyndman's cleaner.","Oban, Scotland",0
71847547,shefalikulkarni,5899,3315,223,34715,26891,False,True,@NYTimes Editor Digital Storytelling & Training | journalism is my bread & butter | DEI is my jam | former @sajahq VP | never met a GIF I didnâ€™t like,NYC,0
2240462418,smilealdie,143,1044,0,1041,0,False,False,,,0
374386698,CaraBentley,1100,2654,2,1094,1589,False,False,Christian. Newsreader on Times Radio/talkSPORT/Virgin. Formerly @PremierRadio & A Mucky Business podcast with Tim Farron. IRN Newcomer of the Year Nominee 2019.,,0
267919622,flocraig_,2117,1894,15,16699,3152,False,False,"Journalist/producer @bbc_reel. Videos, docs and digital stuff. Fellow @jschofieldtrust. Board @bbc_ability. Ex @channel4news. ğŸ´ó §ó ¢ó ·ó ¬ó ³ó ¿",florence.craig@bbc.com,0
222422647,BenRPrice,1929,2446,38,3761,3791,False,True,BBC Wales News Reporter / Gohebydd newyddion @BBCWalesNews ğŸ¥ âœï¸ â˜•ï¸ Trustee @MirusWales Currently on parent leave,De Cymru / South Wales,0
1123318979689369602,Aleksey69839644,122,2984,0,7029,495,True,False,,London,0
242375755,Pri_Bala,151,132,1,793,1654,True,False,| No.1 DJ on the Colombo Garage scene | Love good vinyl & good vibes,Everywhere,0
735042348535681024,Craig_at_FAO,1453,4917,26,7643,3599,False,False,"Communications at Food & Agriculture Org. of the UN (@FAO).
ğŸ“ğŸ“£ğŸğŸšğŸŒŠğŸŸ. ğŸ‡¬ğŸ‡§ğŸ¤ğŸ‡ªğŸ‡¸. ğŸ“@UniversityLeeds @Universidadviu
Former @OceanaEurope. Views are my own.",Madrid/Manchester/Rome,0
4502521007,WalesAtTheUN,4282,4777,52,13996,16327,False,False,Campaigning for Wales to become an independent nation and full member of the United Nations.,Cardiff & New York,0
24198431,Howardrjohnson,12979,1511,158,3814,4107,False,False,BBC News. Fmr Philippines Correspondent. Shoot-Edit-Reporter. Covered ğŸ‡¹ğŸ‡­ Cave Rescue in 2018. Outside work: ğŸ”ğŸ¤¿ ğŸƒğŸ»â€â™‚ï¸ğŸ“š,"London, UK",0
717757597680537600,annabellimor,2995,1075,14,3242,1579,False,True,News reporter @bbcnews | Arsenal columnist @goonerfanzine |,"London, England",0
31362094,MaximusEshraghi,62,338,3,100,58,False,False,,,0
386002944,kacungira,70603,2139,206,5686,10820,False,True,Journalist. Pan-Africanist.,,0
1258964642,ProfNessUoA,1651,743,39,909,2560,False,False,"Prof at University of Auckland. Social gerontologist with an interest in people's attachment to people & places. Mum, grandma, & former dementia carer to my Mum",University of Auckland,0
2809997517,beatrootjukebox,9,101,0,4,19,False,False,SUNDAYS AT 6 (BIWEEKLY),,0
181701441,hannahamorgan,67,95,0,100,375,True,False,,south wales/plymouth,0
123027696,J_H_Edwards,242,738,3,361,512,False,False,Infrequent Tweeter. Technology in telly stuff. Views are my own.,Leeds / Aston Ingham,0
995353224,RichardJohnRJ,1615,1417,8,16913,3260,False,False,"County Councillor for Mitchel Troy and Trellech, Conservative Leader, Monmouthshire County Council",Monmouthshire,0
3805669641,vbmovie,587,438,3,1789,430,False,False,Watch Now On All Major Platforms - Marsha Day posts a dating ad online and goes viral when Perez Hilton shares it to his world of followers in this tech-rom-com,"Los Angeles, CA & New York, NY",0
102486948,ClaudiaAll,350,1009,14,1183,1428,False,False,Senior journalist @BBCNews and @BBCWorld. Keep it brief.,London/Cambs,0
14517537,preetalina,6818,2135,165,9651,12029,False,True,"Nerding out over: photography, reading, wildlife, science. Currently social media @audubonsociety, previously @greenpeaceusa & @mongabay. Tweets my own. She/her",NJ/NYC,0
348900330,mair_thomas,712,1082,15,3187,7260,False,False,Deputy Regional News Editor (Acting) @global @HeartNWNews @LBC mair.thomas@global.com | Media Trainer Data TV | Own views | CYMRAES ğŸ´ó §ó ¢ó ·ó ¬ó ³ó ¿,Gogledd Cymru,0
20787028,Gavinallen,2246,3195,47,13597,16070,False,False,"Digital & Data Journalism lecturer @CardiffJomec, part-author of Writing For Journalists, on #cardiffmusicboard and ex @dailymirror",Cardiff: all views my own,0
21683398,samburgessuk,1684,733,40,5304,4753,False,False,"Supporting heart-centric creatives to work in flow, live in alignment & manifest their dreams. No DMs - contact via website, email, or Instagram.","Hove, England",0
781912490,changwei0605,5,215,0,1,2,False,False,ç¿»å¢™çœ‹åˆ°ä¸–ç•Œäº†,,0
1431176842401230850,ilmiglioramico,3,36,0,92,15,False,False,,,0
303498014,Ewwe777,893,2453,18,36644,44200,False,False,,Kyiv,0
1583066722671681537,DesertAlex2,0,100,0,0,1,False,False,,,0
1535336875107442688,asewe90,47,236,0,14,0,False,False,Loading...,,0
1538732635085602816,andreprstyy_,3,270,0,228,0,False,False,,,0
1574407094823960579,GhirmesoM,1,85,0,0,0,False,False,Idealogical difference exposure,,0
161136543,Kafijas,275,351,0,1258,6988,False,False,èŒƒè ¡.è¥¿é–€è±¹. é‡‘å¤§ä¸­.ç»´å¾å°”éŸ³ä¹ .ä¿¡è³å¿…ç½°ä¸»ç¾©è€…ã€‚ç”³å”èˆŸë³´ë‹¤ëŠ” æˆä¸‰å•. æèˆœè‡£ë³´ë‹¤ëŠ” æŸ³æˆé¾.ä¸å…šì´ë˜é‡å…šì´ë˜ ì˜í•˜ë©´ æ‹æ‰‹ë¥¼ ëª»í•˜ë©´ æ‰¹åˆ¤ì„...æˆ¦äº‰åå¯¾ã€,South Korea,0
1273188121782427649,Ibn3Adam1,69,158,0,4933,1980,False,False,Just here to get updated with useful information....,,0
574009033,iBasitt,5995,1155,12,152244,88532,False,False,figuring out.,"Punjab, Pakistan",0
1581395283388375040,AngrySaraz,5,58,0,11,0,False,False,yes is also a no,,0
999741267365060608,lucydied,34,503,3,2155,226,False,False,:)-/--=,,0
1582726845392646144,Jenniferant23,2,17,0,0,0,False,False,,,0
1450422089408733191,HableYou,610,825,0,1320,4112,False,False,TigerayğŸ’,,0
1579358291888549890,HannahKaYeeLee2,2,14,0,4,0,False,False,,,0
1581746927452016642,DivineChidubem7,7,211,0,184,30,False,False,,,0
1518517073546256385,Shalev_Schwarz,688,2111,0,24008,3168,False,False,"×œ×™×‘×¨×œ ×‘×œ×™×›×•×“, ××××™×Ÿ ×©×”×¤×ª×¨×•×Ÿ ×”×™×—×™×“×™ ×œ×¡×›×¡×•×š ×”×•× ×˜×¨× ×¡×¤×¨.
×‘×•×’×¨ ×× ×”×œ ×¢×¡×§×™× ×××•× ' ××™×“×œ×¡×§×¡ ×œ×•× ×“×•×Ÿ",Israel ,0
812246378847965184,bluncy123,3,35,0,343,43,False,False,,,0
42134352,wodca,0,25,0,16,1,False,False,,"Beerse, BelgiÃ«",0
1073960708642103296,AlvarAfonso98,299,339,0,40027,4180,True,False,IPB - GestÃ£o || Entre o Minho e TrÃ¡s-os-Montes,"Braga, Portugal",0
1581780240518430720,bisby_skip,8,47,0,0,4,False,False,"Retired Army Unit Commander (Warrant Officer). 
Well Educated. 
Technical Minded.
I'm not a full fledged tree hugger, but I'm pretty close.",,0
1574648190917554176,LalaniSameer2,0,42,0,94,9,False,False,,,0
2182965666,sviritat,1322,920,14,64736,38290,False,False,,Mariupol,0
845432520564883456,Dissent911,611,1673,2,26957,47329,False,False,#EternalVigilance ğŸ’™ #CovictTrump 9-0 #BetterThanSex,Lost but making good time. ,0
402915770,a_tarasen,186,254,3,1656,917,False,False,Ğ Ğ¸Ğ½Ğ¾Ğº ĞºĞ°Ğ¿Ñ–Ñ‚Ğ°Ğ»Ñƒ Ñ– Ğ½Ğµ Ñ‚Ñ–Ğ»ÑŒĞºĞ¸ğŸ˜ƒ,Ukraine,0
1450526860115329024,Ethiopi93364008,12,148,0,114,204,False,False,#Ethiopia á‰³áˆ¸áŠ•á‹áˆˆá‰½!!,,0
1468207001851281414,lopez_vp1,4,14,0,34,1,False,False,del Tercio DecÃ­an antes con nosotros quien quiera contra nosotros quien pueda A todos mis compaÃ±eros el Kie de la bandera,"Ceuta, EspaÃ±a",0
104414090,Krysalion,61,411,1,43034,4803,False,False,,,0
1581131355295043585,Hassank28831317,15,48,0,0,0,False,False,,,0
1564200381713944580,VictorA68776161,2,78,0,2,0,False,False,,,0
1543213708519903232,Dwhitey2404,47,908,0,9835,518,False,False,,,0
1485744498453975040,hamid_daneshjoo,184,1051,1,352,1502,False,False,"Ø§Ù‡Ù„ Ù¾Ø±Ø³Ø´ Ùˆ ØªØ­Ù‚ÛŒÙ‚ØŒ
Ø±ÙˆØ§Ø¨Ø· Ø¹Ù…ÙˆÙ…ÛŒØŒ
Ø¹Ø§Ø´Ù‚ Ø§ÛŒØ±Ø§Ù†",,0
1103369929674444801,Grc_Max,8,347,0,13802,90,False,False,,France,0
1240312173378916355,al_ghlab1,0,413,0,22,0,True,False,,,0
1530803816760745984,LazorNatali,1,52,0,114,12,False,False,,,0
1582700233414381568,FikaduFike1,0,100,0,0,0,False,False,,,0
1301899159306407936,habte_kassahun,6,83,0,10,23,False,False,reality,,0
2330802838,HDelphini,129,1615,4,785,1268,False,False,"Old Gamer
 deseja uma boa semana galera do Gameverso Delphinif1re online em aÃ§Ã£o no Facebook gaming  Twitch Twitter Instagram YouTube  contÃ­nua. curtam a pÃ¡gina",,0
2444573947,MooseyMan4,2,181,0,0,0,False,False,,,0
1504101734951813122,ZawareBabalu,12,393,0,423,49,False,False,Baba,,0
1553008582152425473,634jijii,0,1776,0,6,0,True,False,é–²è¦§ç”¨ã€‚ç„¡è¨€ãƒ•ã‚©ãƒ­ãƒ¼ãŠè¨±ã—ä¸‹ã•ã„ã€‚,,0
3095473230,Aleksandr_FILL,49,395,0,13927,1362,False,False,ĞŸĞµÑ€ĞµĞ¼Ğ¾Ğ³Ğ° Ğ£ĞºÑ€Ğ°Ñ—Ğ½Ğ¸. Ğ—Ğ°Ñ€Ğ°Ğ´Ğ¸ Ñ†ÑŒĞ¾Ğ³Ğ¾ Ğ²Ğ°Ñ€Ñ‚Ğ¾ Ğ¶Ğ¸Ñ‚Ğ¸ Ñ– Ğ±Ğ¾Ñ€Ğ¾Ñ‚Ğ¸ÑÑŒ. ĞšĞ¾Ğ½Ğ²ĞµÑ€Ñ‚ÑƒÑÑ‚ÑŒ Ğ³Ñ€Ğ¾ÑˆÑ– Ğ² Ñ…aÑ€Ğ¾ÑˆĞ¸Ñ… Ñ€ÑƒcĞºÑ–Ñ…: @BackAndAlive ; @CharityPrytula ; @Valerii_Markus,Ğ£ĞºÑ€Ğ°Ğ¸Ğ½Ğ°,0
1208525034492436482,Saeedfazel_pr,147,202,0,19715,6730,False,False,"(ØªÙ„Ø§Ø´ Ù…ÛŒÚ©Ù†Ù…) Ø¨Ø±Ø§ÛŒ Ø§ÛŒØ±Ø§Ù†ÛŒØ§Ù† Ø¢Ø²Ø§Ø¯Ù‡ Ùˆ ÙˆØ·Ù†â€ŒÙ¾Ø±Ø³Øª Ú©Ù‡ Ø¯ÛŒÚ¯Ø± Ù†ÛŒØ§Ø²ÛŒ Ø¨Ù‡ Ù¾Ù†Ø§Ù‡Ù†Ø¯Ù‡ Ø´Ø¯Ù† Ù†Ø¯Ø§Ø´ØªÙ‡ Ø¨Ø§Ø´Ù†Ø¯.
Ø´Ù‡Ø±ÙˆÙ†Ø¯Ø®Ø¨Ø±Ù†Ú¯Ø§Ø±ØŒØ¹Ù„Ø§Ù‚Ù…Ù†Ø¯ Ø¨Ù‡ Ø³ÛŒØ§Ø³ØªØŒ
Ø·Ù†Ø² Ø³ÛŒØ§Ø³ÛŒØŒØªÚ©Ù†ÙˆÙ„ÙˆÚ˜ÛŒØŒØ±ÙˆØ§Ù†Ø´Ù†Ø§Ø³ÛŒ",,0
887490788,brendawright06,1358,1703,37,5451,3472,False,False,"Voting rights, electoral reform, money in politics: democracy. Senior Advisor for Demos/Demos Action. All opinions mine.",Boston,0
1436277942930247684,FredysAlvarez1,64,248,0,2278,5597,False,False,Mi mal genio.,,0
1212764179074994177,Maria35833387,1,69,0,2,0,True,False,,,0
1497767877537312773,BadshaM69125865,8,419,0,424,55,False,False,Love lets life so beautiful.,"Dhaka, Bangladesh",0
1548999418325729280,bdalrhm61016370,170,3064,1,25,0,False,False,Ø³Ù„Ø§Ù…ÙˆÙ†Ù‡,,0
1579843522890440705,CareAndRare,1041,3,0,1,1,False,False,Livraison gratuite,,0
706987984579473409,marccelarivera,114,1065,3,673,468,False,False,Periodista,Nicaragua,0
1579958587417411585,DidiWaziri,20,779,0,4,4,False,False,,,0
2535779018,letsa_goo,100,3259,0,75601,5826,False,False,"Agricultural life
Penguin",,0
1528381081388744704,gokuraj1996,22,220,0,3141,201,False,False,"Cricket AddictâœŒï¸
#Cricket_Lub",,0
1571221427629756417,PauletteMirava1,6,155,0,39,2,False,False,,,0
1123236060488708096,elth125,2962,3555,1,19004,9496,False,False,"â¤ My country ğŸ‡¬ğŸ‡§ ğŸ‡ºğŸ‡¸ Anti Woke, BLM, Cancel culture, and Illegal immigration. Brexiteer ğŸ‡¬ğŸ‡§ Support Trump ğŸ‡ºğŸ‡¸  ğŸ’™#GBNews  #Backto60  No DM's please",,0
1349332856154238976,PublicsInteres1,97,3277,0,257,10,False,False,ğ™³ğš’ğšœğšŒğš•ğšŠğš’ğš–ğšğš›: ğ™°ğš—ğš¢ ğšŸğš’ğšğš ğšœ ğšğš¡ğš™ğš›ğšğšœğšœğšğš ğš‘ğšğš›ğš ğšŠğš›ğš ğš—ğš˜ğš ğšğš˜ ğš‹ğš ğš›ğšğš™ğš›ğšğšœğšğš—ğšğšğš ğšŠğšœ ğšğšŠğšŒğšğšœ.,,0
1579493566770184194,MdJoyna81702480,3,191,0,14,1,False,False,,,0
1521603201597947906,ConorGoulding1,1,72,0,14,9,False,False,"Independent Journalist.

An Angry Irish Man podcast.
Bring light to the stories not seen",,0
1131380577729253378,juju200415,1,31,0,1,0,False,False,,,0
1578309309577977857,jackie12967481,3,34,0,7,0,False,False,like a r0ck,,0
1578863770113286146,faybearden1956,1,16,0,0,0,False,False,,,0
1579686643988054016,mrchecker8,1,42,0,1,0,False,False,,,0
1578100091054850054,Mohamed05621003,0,7,0,0,0,False,False,,,0
1572724461685571584,WillieParish7,3,1261,0,306,212,True,False,I find the software in the blockchain. New scientist. IPHONE 12 Pro max,610 12th street se ,0
1323331562616868865,AkoredeYunusu,3,134,0,1015,103,False,False,I love sports,"Lagos, Nigeria",0
1213504466294431746,JuniorFeller1,15,244,0,17669,41,False,False,,,0
17199415,kaverkev,253,1680,0,18222,265,False,False,,Southern California,0
998107779054428160,KazimBamik,64,444,1,186,161,False,False,University professor | author | Freelance Writer | Freelance journalist | Advocator to #StopHazaraGenocide,,0
1576399202199953409,Draxler94836214,44,562,0,2185,35,False,False,,,0
1344483924018405376,ChiIrishRedHead,25,545,0,484,175,True,False,Under Construction,"Illinois, USA",0
1580912305541259265,Kimberl18040679,0,6,0,0,0,False,False,,,0
1568360869129605125,QuannMatte,4,255,0,160,75,False,False,Hey friends follow me and i follow back. Be nice and friendly. Thanks,South Africa,0
1456243432230371336,RussellPiske,8,128,0,7,10,False,False,Nom Sum Qualles Eram,"Annapolis, MD",0
1574966863595184135,Senthil15520901,1,60,0,0,0,False,False,Be happy,"Chennai, India",0
1581697022603583488,Jared_Iverson1,8,81,0,0,0,False,False,,,0
1581893449858445312,xiaofo37102801,48,549,0,5,0,False,False,,,0
1577218872263876608,JENIFER0625,56,49,0,2821,2401,False,False,"Wife, Mother, Sister, Nurse. #SavingLifes.","Missouri, USA",0
1577673343590752256,JackBul56074319,8,47,1,4,0,False,False,,,0
1580593706934992907,jai_babaki,0,25,0,0,1,False,False,,,0
1424965064906350593,polaris02wh,2,70,0,8,5,False,False,polaris,,0
1508891429879554048,AAYANSID22,3,111,0,70,107,False,False,"-:Reading Books:-
-:Learning on transpersonal psychology:-
-:Falling love with human brain:-
-:writer:- âœï¸",,0
1564924242767929344,bashirahmadoma4,0,137,0,1,0,False,False,,,0
1134174250665893888,rioreal05,4,296,0,741,1392,False,False,,,0
1561359854589321217,xiaofenghong9,9,192,0,1222,0,False,False,,Shanghai,0
784791537913884672,nataliiapopovaX,99,40,3,312,87,False,False,"VolunteerğŸ‡ºğŸ‡¦

Advisor to the Head of the Kharkiv Regional Council. Ukraine.",Ğ£ĞºÑ€Ğ°Ğ¸Ğ½Ğ°,0
1524898127169441800,alishiri26792ta,196,1521,0,385,189,False,False,"Ø¯ÛŒÙ¾Ù„Ù… Ø±Ø¯ÛŒ 
Ø¹Ø§Ø´Ù‚ Ø³ÛŒØ§Ø³Øª Ø§ÛŒØ±Ø§Ù† Ùˆ Ø¬Ù‡Ø§Ù†
Ø¯ÙˆØ³ØªØ¯Ø§Ø± ØªØ±Ø§Ù…Ù¾
Ø¹Ø§Ø´Ù‚ Ù…Ø³Ø¹ÙˆØ¯ Ø³ÙÛŒØ±ÛŒ Ùˆ ØªÙ‚ÛŒ Ø±Ø­Ù…Ø§Ù†ÛŒ Ùˆ Ù…Ø§ÛŒÙ„Ùˆ Ùˆ...Ø³Ù‡ Ú†Ù‡Ø§Ø± Ù†ÙØ± Ø¯ÛŒÚ¯Ù‡ Ø§Ø² Ø§Ø³Ø§ØªÛŒØ¯ Ø¯Ø± Ú©Ù„Ø§Ø¨ Ù‡Ø§ÙˆØ³",,0
1239885412648321024,ZabihullahHali6,5,236,0,32,1,False,False,,,0
84366367,yeheyatov,37,1083,0,52,5,True,False,,,0
1577905451605397507,A_Muslim_Guy,13,894,0,13,48,False,False,,"Chicago, IL",0
1566570838291365889,DowVick,1,58,0,0,0,False,False,,,0
1532880698650021889,ChrisBormann5,288,2547,1,3988,1286,False,False,if anyone has telegram app add my +16803221311,,0
263294864,HosneyLarmacks,59,1710,1,12,428,True,False,"Father,husband and a friend, A dedicated manchester united fan , law enforcer and implementor #TeamIslam kenya. God bless us all.",Kenya,0
1570270139563773953,bala71093,15,656,0,5,5,False,False,à®¤à¯€à®¤à¯à®®à¯ à®¨à®©à¯à®±à¯à®®à¯ à®ªà®¿à®±à®°à¯ à®¤à®° à®µà®¾à®°à®¾ ğŸ™ˆğŸ™‰ğŸ™Š,"Chennai, India",0
1518261718174027783,gallabuzz,35,3141,0,1036,40,True,False,,,0
1513459558223839233,bella_mondo_,0,26,0,10,6,True,False,,,0
931853894405193728,FadiNAMF,100,3020,6,4542,2592,False,False,"Trying to make PALESTINE trend by liking and retweeting.
PS:After we *free Palestine* we should *unite Ireland*ğŸ˜‰ 
PPS:TWITTER IS SO HILARIOUS IT CAN'T BE REAL.",THE FINAL FRONTIER ,0
1463297485720403971,HeatherKorenek,3,64,0,16,32,False,False,,,0
887245751084077057,AndersonOjiambo,440,2250,0,432,298,False,False,"Co-founder, Hope2kids",Kenya,0
1580210485491802114,maddfinney,15,491,0,0,2,False,False,Maddfinney Productions is a family business producing content celebrating hopeful and entertaining storytelling from diverse global talents. #maddfinney,"Washington, DC",0
1579385885526700032,morshed01838202,29,466,0,700,25,False,False,Allah is the Supreme personality.,,0
1574140042527793152,Superskurkar,2,107,0,0,0,False,False,,,0
1562108815402729472,RayanJaved786,0,62,0,3,2,False,False,,,0
1575114262711881729,ITResanWork,2,111,0,7,0,False,False,,,0
950298994713952257,CryptoAsAWay,1401,2924,24,3517,37921,False,False,"#CRYPTO, #FOREX and #STOCKS trader

CRASH/DIP SPOT Investor

#btc #eth #xrp #bnb #dxy

$BTC $ETH $BNB $XRP $ADA $SOL $DOGE

$MATIC $DOT $TRX $SHIB $UNI",Earth,0
3162537673,13elle9eraldine,0,670,0,5186,6253,True,False,"Well, I don't care about them, as long as Palette of Lee Ji Eun is my all-time new year anthem ğŸ˜Š

I like it, I'm 2ï¸âƒ£5ï¸âƒ£ ğŸ¶ğŸ¶
- Palette ğŸ¨, Lee Ji Eun (IU) ğŸ’œğŸ’š",Worldwide,0
1575237999608172544,owais011010093,13,472,0,4,0,False,False,,Karachi ,0
1575482236824342529,SheilaPoculan,1,76,0,0,0,False,False,,,0
1273317883360219136,AliBabu65457857,0,39,2,243,47,False,False,,,0
1023834716313550848,KunGeGe1,0,9,0,1,0,False,False,,,0
1567072591755759616,LeilaniPetters1,3,345,0,0,3,False,False,,,0
2682245060,amoakohene_1,61,416,0,11793,169,False,False,I'M GOOD!,Accra,0
1527309329275269120,FitwiRico,89,1668,0,2,19,False,False,hi,,0
1581248295896326145,cr_th_2050,1,121,0,27,11,False,False,,,0
1397782946,Ugochukwulives,22,47,0,662,517,False,False,"Internet Surfer,

Content Creator
https://t.co/rqQtfJubxc

Technologist

I love Justice, Stand for Justice and nothing but Justice.",Nigeria,0
1560406124737998848,mikiasano48723,0,12,0,0,0,False,False,,,0
4423308612,jayjaytristana,2749,2960,28,143235,12031,False,False,Secular voter. Disgusted with Republican authoritarianism. There needs to be consequences for 1/6.,"Washington, USA",0
1370605394284871682,8nxcE6m2rUGDW5Y,2,624,0,425,26,True,False,soyou,Hong Kong,0
1579473845198753794,candytom3,3,96,0,108,213,False,False,business owner+love travel +music,new york,0
1561903847559245829,PohWahThong1,1,88,0,0,0,False,False,,,0
2928097735,Sir_Alejan,377,874,4,52857,59360,False,False,learning | observing | ğŸ‡²ğŸ‡½,California,0
1573318098320445441,RooferRockyHill,1,12,0,0,0,False,False,"We are a family-owned and operated roofing business, firmly believing in quality over quantity.","Rocky Hill, Connecticut USA",0
1575655637647695873,___LucasValerio,2,161,0,1,0,False,False,,,0
1561195547079626752,AnneCam55153660,19,276,0,0,0,False,False,,,0
1581172370559176706,Anisha11758130,2,50,0,10,0,False,False,,,0
1560582255948746752,DrAshokMahajan3,1,39,0,0,2,False,False,,,0
1572529870969651200,AmandaL0312,2,74,0,0,1,False,False,,,0
1525082770711658504,AAutshi,0,50,0,3,21,False,False,"Innovating sociability:
 sociable person who believes love, peace,brotherhood and justice irrespective of cast, creed, color and religion.",,0
1562401728,adi_hourani,159,1219,1,314,295,False,False,,,0
1453372882080333829,Benjami46564851,9,297,1,19,1,False,False,,"Wan Chai District, Hong Kong",0
1567693595825827841,Stacey05386033,0,32,0,1,0,False,False,,,0
1561964980420870146,SaviourSolomo20,7,113,1,0,0,False,False,,,0
1555015492733390848,PTTXJohnLee,5,90,0,2,5,False,False,"Sale fully assembled cores, cut lamination, slit coils. Pls contact me if you need.
Email: lijinyang@pttx.com",Jiangsu,0
369732074,RKHAN_RIZWAN,128,1524,0,21,30,True,False,I AM KOOL...,Pakistan,0
1571614641213652992,lisa_bertke,0,35,0,0,0,False,False,,,0
1562038498676326400,dycemr1,9,115,0,91,7,False,False,,,0
80705750,Kimberly_Bruce,12,40,0,2186,35,False,False,This is where I tell you everything I want you to know about me in 160 characters or less. In the beginning God created the heaven and the earth. And the earth,"Seaview, VA",0
943755983075110912,henry_gbara,243,2048,0,6729,562,False,False,"REALITY is my identity
LOVE is my lifestyle
 An Entrepreneur.

CEO. GBARAX ENTERPRISE","Port Harcourt, Nigeria",0
1572489138607390722,goyahooshopping,4,33,0,1,24,False,False,Yahooï¼ã‚·ãƒ§ãƒƒãƒ”ãƒ³ã‚°ã§å¹´é–“æ•°å„„ã®å£²ä¸Šã®ã‚ã‚‹åº—èˆ—ã§åƒãäººã€‚ãƒ¤ãƒ•ãƒ¼ã‚·ãƒ§ãƒƒãƒ”ãƒ³ã‚°åº—èˆ—é‹å–¶ã€ä¸»ã«åºƒå‘Šé‹ç”¨ã«ã¤ã„ã¦æ›¸ã„ã¦ã„ã¾ã™ã€‚ãŠæ°—è»½ã«ãƒ•ã‚©ãƒ­ãƒ¼ã—ã¦ãã ã•ã„ï¼,,0
1221534385012428803,irishexit44,158,1361,0,82766,579,False,False,,,0
1366986490681700357,JohnathanPaque1,4,137,3,5,0,False,False,,,0
1068716102778122240,GbVi3hBuJOQIZih,6,214,0,13,0,False,False,,,0
1568244948943704067,Zabazafare,0,49,0,5,2,False,False,"A Trained Mining Engineer, Registered with (NSME), (NMGS), (COMEG), (COREN)",,0
1549245817181069314,LendaLee10,1,60,0,8,14,False,False,,,0
1319978030983426048,SundaoC,66,140,0,33,99,False,False,Official Twitter Account for SUNDAO Community Members,,0
1573833672427700230,agarwal_adhik,0,54,0,0,0,False,False,,,0
1500239875471286276,wladislawfranz,0,77,0,0,0,True,False,,,0
1495485071922454530,Dayoder1,1,20,0,0,1,False,False,,,0
1572062420788469762,RyanBar11876508,1,8,0,0,0,False,False,,,0
1563025978539986949,johnnyhatcher13,37,85,0,6,7,False,False,,,0
524825522,Gilberto666fuck,134,4984,5,9615,5279,False,False,Writer With Writers Block,Gotham City (Batcave),0
1266982169915936768,tyler_russell52,198,164,3,20873,5321,False,False,UT Tyler math graduate. Mathematician. â• Software engineer. ğŸ’» In a LDR with a beautiful woman. ğŸ‡ºğŸ‡¸ğŸ‡²ğŸ‡½ Echando todas las ganas. (Ã©l/he/him),"Texas, USA",0
1582223053345398786,GranadoFam,3,80,0,0,0,False,False,,,0
1574491284873658383,aisa75099400,0,2,0,0,1,False,False,25/â™€/2lt/ã»ãã„ã§ã™ã£(à¹‘ËƒÌµá´—Ë‚Ìµ)Ùˆ,,0
1422604298123309056,mr_Faizan07,10,494,0,32,16,False,False,"Mechatronics Engineering Student 
At Sanjivani KBP Polytechnic Kopergaon",,0
1576947552674537473,DJandifresh,0,2,0,0,0,False,False,Aspiring Dallas circuit dj,"Dallas, TX",0
1576434958452887554,auntybleedsblue,5,55,0,28,15,False,False,blue and orange. nothing else matters.,"Lewiston, ID",0
1573286861145088001,Fayfay50318887,0,7,0,0,0,True,False,,,0
1530781792596377605,HayesBaylee,5,89,0,194,0,False,False,,,0
1571933371730726914,jr2020101978,50,417,0,1021,13,False,False,,,0
1577263899996454912,fuuri90384544,0,2,0,0,1,False,False,8ys/ã«ã‚“ã’ã‚“ã®ãƒ¡ã‚¹/ã‚€ã¡ã‚€ã¡(â—â€¢á´—â€¢â—)/19,,0
1548026426305044480,crosstheworldkk,4,23,0,4,0,False,False,Cross the world with yoou,,0
1541070402612408320,maddddenbauer,49,442,0,492,238,False,False,"pastry chef, line cook and provider for the elderly. 
I LOVE TO COOK AND CREATE NEW RECIPES","Arizona, USA",0
1576326915878797314,all_happiness2,12,131,0,49,9,False,False,"âœ¨ğŸ’–Just here to spread positivity,love, and happinessğŸ’–âœ¨                     made this account mainly for myself but Iâ€™ll share my daily quotes with yâ€™all (:","Corpus Christi, TX",0
1433599277989777411,eAsYeD214,0,12,0,11,4,False,False,#mffl #TexasHockey #DallasCowboys #ItsDifferentHere #RuleTheJungle,,0
1573695450699399168,23nopippen,0,1,0,2,1,False,False,,,0
1528641771156160515,graham_greta,10,91,0,188,0,False,False,,,0
1572056434958794753,Jpetty29555246,20,458,0,57,0,False,False,,"Chico,TX",0
1574728508093390849,jezam2103,5,14,0,0,0,False,False,,,0
464995573,MARISELAROMERO7,7,153,0,21,120,False,False,,,0
1577775572876410881,gingun1978,81,176,0,0,3,False,False,Messy hair and black suit. Thatâ€™s how I roll,,0
61043011,hashtagferlie,2,2883,0,2969,35996,True,False,RT and Likes = Interesting,,0
1577432396684791818,RMGDallasTX,4,46,0,0,25,False,False,Real estate info about DFW,"Dallas, TX",0
1520836908,ClementsWill98,170,172,0,3293,238,True,False,LSU '21,"Lake Charles, LA",0
1574425471147823105,riversedge903,6,98,0,2,1,False,False,,,0
2734827853,PESHvolleyball,457,192,2,2278,1138,False,False,email: peshvbbooster22@gmail.com,"Plano, TX",0
1570406808740560897,PresyousKDP,172,1519,2,71,124,False,False,Etsy Templates and KDP Low Content Book Publisher,,0
1576793581699977220,ageha99524716,0,2,0,0,1,False,False,19/DMã—ã‚ˆã‰( â€¢à¥¢â—¡-à¥¢)-â™¡/ãƒ¡ã‚¹ã ã‚‡/6of,,0
1572006902258696193,MaraRom02744826,0,1,0,0,0,False,False,,,0
1470587067675693057,Loeildumonde3,7,51,0,79,12,False,False,,,0
1576535117459341312,DizzyPics360,0,1,0,0,6,False,False,"360 - Photo/Video Booth Rental

360 Photo/Video Booth (Holds up to 5 people)
Fog machine included & much more!","Glenn Heights, TX",0
1568329411362955267,LordScorpio96,146,2133,0,16888,360,False,False,"25
Adult Content CreatorğŸ“·ğŸ“½ï¸ğŸ“¹ğŸ¥ğŸ†ğŸ‘
Self Taught ArtistğŸ¨ğŸ–Œï¸
Mainstream Content CreatorğŸ¬
Lord Scorpio is here to provide ğŸ˜ˆğŸ†ğŸ‘","Dallas, TX",0
96975826,ekkehardjung,241,3909,1,21,9,False,False,EJAP @ekkehardjung.artists FILMPHILHARMONIE @FilmConcert. CRM. sustainability. resilience. climate change. husband. father of two. dog and cat. viola player,"Berlin, Deutschland",0
1579581354253115398,BradleyKirsta,3,27,0,0,0,False,False,,,0
1574968942724014080,0nsumchrisshit,12,445,0,0,0,False,False,,,0
1549324257750048769,rev_stacey,5,199,0,0,4,False,False,"S Glenn Morgan Ministries-I'm an Elder in the Lord's Church.  In short, which purposes me to love and serve God's people.","Dallas, TX",0
2424361106,mikedceo,36,648,0,236,9,False,False,,,0
1575541358231752711,l09353387_lopez,0,27,0,6,1,False,False,,,0
1575596578458324992,Babygir89150321,0,3,0,0,0,False,False,,,0
1574838008230154269,007franc15c0,0,28,0,0,0,False,False,,,0
713969044982923264,beccarburke,167,179,1,486,297,False,False,my totally real Twitter,,0
1579594992535977984,shuuna62149261,0,2,0,0,1,False,False,19/ã‹ã‚‰ã‚‚ã£(à¹‘ËƒÌµá´—Ë‚Ìµ)Ùˆ/0lx/â˜¿,,0
783472718096191488,Cameron_Norbu,6,40,0,20,1,False,False,,,0
1574889608525094913,ElenaDa38002162,1,5,0,4,0,False,False,,,0
1465358110860718084,MrCoachBull,3,25,0,26,0,False,False,Head swim coach & government teacher at Plano East Senior High School.,,0
1575687966365995008,chigusa70795830,0,2,0,0,0,False,False,0pb/ã‡ã¡ãªã“ã¨ã™ã( â€¢Ï‰â€¢à¸…ï¼‰/ãŠãªã«ã‚‡ã“/22,,0
1576506437823504389,FranciscoPalob3,0,2,0,0,0,False,False,,,0
1570254264496177153,Nkindianfoods22,1,21,0,2,6,False,False,I m Narinder kaur I live in fort worth tx I make Indian and American food my hobby find new food every day I make fresh food every day and home base food ğŸ‘ğŸ¤©ğŸ˜˜,"Fort Worth, TX",0
1580761571457994754,Dearl88447683,14,274,0,3,1,False,False,"Single, gay, goodlooking intelligent an hardworking man in Dallas, staying positive, reaching my goals, build a future an drawing a real entrepreneur out.LGBTQ","Dallas, TX",0
1577029386699669512,JessieVasco,0,1,0,0,0,False,False,,,0
708145207837986816,Tia_Jay_,73,344,0,3456,3466,True,False,Cheers!,,0
